-- phpMyAdmin SQL Dump
-- version 5.2.1
-- https://www.phpmyadmin.net/
--
-- Počítač: 127.0.0.1
-- Vytvořeno: Čtv 06. čen 2024, 12:05
-- Verze serveru: 10.4.28-MariaDB
-- Verze PHP: 8.2.4

SET SQL_MODE = "NO_AUTO_VALUE_ON_ZERO";
START TRANSACTION;
SET time_zone = "+00:00";


/*!40101 SET @OLD_CHARACTER_SET_CLIENT=@@CHARACTER_SET_CLIENT */;
/*!40101 SET @OLD_CHARACTER_SET_RESULTS=@@CHARACTER_SET_RESULTS */;
/*!40101 SET @OLD_COLLATION_CONNECTION=@@COLLATION_CONNECTION */;
/*!40101 SET NAMES utf8mb4 */;

--
-- Databáze: `letadla`
--

-- --------------------------------------------------------

--
-- Struktura tabulky `letadlo`
--

CREATE TABLE `letadlo` (
  `letadlo_id` int(11) NOT NULL,
  `letadlo_nazev` varchar(255) NOT NULL,
  `vyrobce_letadla_vyrobce_id` int(11) NOT NULL
) ENGINE=InnoDB DEFAULT CHARSET=utf8mb4 COLLATE=utf8mb4_general_ci;

--
-- Vypisuji data pro tabulku `letadlo`
--

INSERT INTO `letadlo` (`letadlo_id`, `letadlo_nazev`, `vyrobce_letadla_vyrobce_id`) VALUES
(1, 'Embraer E195', 16),
(2, 'Boeing 777', 3),
(3, 'Airbus A320', 8),
(4, 'Boeing 747', 11),
(5, 'Airbus A380', 2),
(6, 'Boeing 737', 4),
(7, 'Airbus A350', 7),
(8, 'Boeing 787', 18),
(9, 'Embraer E175', 14),
(10, 'Airbus A330', 5),
(11, 'Boeing 767', 23),
(12, 'Embraer E190', 19),
(13, 'Boeing 757', 6),
(14, 'Airbus A319', 1),
(15, 'Embraer ERJ145', 9),
(16, 'Boeing 717', 12),
(17, 'Airbus A321', 17),
(18, 'Embraer ERJ135', 21),
(19, 'Airbus A340', 24),
(20, 'Boeing 777', 10),
(21, 'Airbus A300', 20),
(22, 'Embraer ERJ140', 22),
(23, 'Boeing 747', 15),
(24, 'Boeing 737', 4),
(25, 'Embraer E195', 16),
(26, 'Boeing 777', 3),
(27, 'Airbus A320', 8),
(28, 'Boeing 747', 11),
(29, 'Airbus A380', 2),
(30, 'Boeing 737', 4),
(31, 'Airbus A350', 7),
(32, 'Boeing 787', 18),
(33, 'Embraer E175', 14),
(34, 'Airbus A330', 5),
(35, 'Boeing 767', 23),
(36, 'Embraer E190', 19),
(37, 'Boeing 757', 6),
(38, 'Airbus A319', 1),
(39, 'Embraer ERJ145', 9),
(40, 'Boeing 717', 12),
(41, 'Airbus A321', 17),
(42, 'Embraer ERJ135', 21),
(43, 'Airbus A340', 24),
(44, 'Boeing 777', 10),
(45, 'Airbus A300', 20),
(46, 'Embraer ERJ140', 22),
(47, 'Boeing 747', 15),
(48, 'Airbus A320', 8),
(49, 'Boeing 777', 3),
(50, 'Airbus A320', 8),
(51, 'Boeing 747', 11),
(52, 'Airbus A380', 2),
(53, 'Boeing 737', 4),
(54, 'Airbus A350', 7),
(55, 'Boeing 787', 18),
(56, 'Embraer E175', 14),
(57, 'Airbus A330', 5),
(58, 'Boeing 767', 23),
(59, 'Embraer E190', 19),
(60, 'Boeing 757', 6),
(61, 'Airbus A319', 1),
(62, 'Embraer ERJ145', 9),
(63, 'Boeing 717', 12),
(64, 'Airbus A321', 17),
(65, 'Embraer ERJ135', 21),
(66, 'Airbus A340', 24),
(67, 'Boeing 777', 10),
(68, 'Airbus A300', 20),
(69, 'Embraer ERJ140', 22),
(70, 'Boeing 747', 15),
(71, 'Boeing 737', 4),
(72, 'Embraer E195', 16),
(73, 'Boeing 777', 3),
(74, 'Airbus A320', 8),
(75, 'Boeing 747', 11),
(76, 'Airbus A380', 2),
(77, 'Boeing 737', 4),
(78, 'Airbus A350', 7),
(79, 'Boeing 787', 18),
(80, 'Embraer E175', 14),
(81, 'Airbus A330', 5),
(82, 'Boeing 767', 23),
(83, 'Embraer E190', 19),
(84, 'Boeing 757', 6),
(85, 'Airbus A319', 1),
(86, 'Embraer ERJ145', 9),
(87, 'Boeing 717', 12),
(88, 'Airbus A321', 17),
(89, 'Embraer ERJ135', 21),
(90, 'Airbus A340', 24),
(91, 'Boeing 777', 10),
(92, 'Airbus A300', 20),
(93, 'Embraer ERJ140', 22),
(94, 'Boeing 747', 15),
(95, 'Airbus A320', 8),
(96, 'Boeing 777', 3),
(97, 'Airbus A320', 8),
(98, 'Boeing 747', 11),
(99, 'Airbus A380', 2),
(100, 'Boeing 737', 4),
(101, 'Airbus A350', 7),
(102, 'Boeing 787', 18),
(103, 'Embraer E175', 14),
(104, 'Airbus A330', 5),
(105, 'Boeing 767', 23),
(106, 'Embraer E190', 19),
(107, 'Boeing 757', 6),
(108, 'Airbus A319', 1),
(109, 'Embraer ERJ145', 9),
(110, 'Boeing 717', 12),
(111, 'Airbus A321', 17),
(112, 'Embraer ERJ135', 21),
(113, 'Airbus A340', 24),
(114, 'Boeing 777', 10),
(115, 'Airbus A300', 20),
(116, 'Embraer ERJ140', 22),
(117, 'Boeing 747', 15),
(118, 'Airbus A320', 8),
(119, 'Boeing 777', 3),
(120, 'Airbus A320', 8),
(121, 'Boeing 747', 11),
(122, 'Airbus A380', 2),
(123, 'Boeing 737', 4),
(124, 'Airbus A350', 7),
(125, 'Boeing 787', 18),
(126, 'Embraer E175', 14),
(127, 'Airbus A330', 5),
(128, 'Boeing 767', 23),
(129, 'Embraer E190', 19),
(130, 'Boeing 757', 6),
(131, 'Airbus A319', 1),
(132, 'Embraer ERJ145', 9),
(133, 'Boeing 717', 12),
(134, 'Airbus A321', 17),
(135, 'Embraer ERJ135', 21),
(136, 'Airbus A340', 24),
(137, 'Boeing 777', 10),
(138, 'Airbus A300', 20),
(139, 'Embraer ERJ140', 22),
(140, 'Boeing 747', 15),
(141, 'Boeing 737', 4),
(142, 'Embraer E195', 16),
(143, 'Boeing 777', 3),
(144, 'Airbus A320', 8),
(145, 'Boeing 747', 11),
(146, 'Airbus A380', 2),
(147, 'Boeing 737', 4),
(148, 'Airbus A350', 7),
(149, 'Boeing 787', 18),
(150, 'Embraer E175', 14),
(151, 'Airbus A330', 5),
(152, 'Boeing 767', 23),
(153, 'Embraer E190', 19),
(154, 'Boeing 757', 6),
(155, 'Airbus A319', 1),
(156, 'Embraer ERJ145', 9),
(157, 'Boeing 717', 12),
(158, 'Airbus A321', 17),
(159, 'Embraer ERJ135', 21),
(160, 'Airbus A340', 24),
(161, 'Boeing 777', 10),
(162, 'Airbus A300', 20),
(163, 'Embraer ERJ140', 22),
(164, 'Boeing 747', 15),
(165, 'Airbus A320', 8),
(166, 'Boeing 777', 3),
(167, 'Airbus A320', 8),
(168, 'Boeing 747', 11),
(169, 'Airbus A380', 2),
(170, 'Boeing 737', 4),
(171, 'Airbus A350', 7),
(172, 'Boeing 787', 18),
(173, 'Embraer E175', 14),
(174, 'Airbus A330', 5),
(175, 'Boeing 767', 23),
(176, 'Embraer E190', 19),
(177, 'Boeing 757', 6),
(178, 'Airbus A319', 1),
(179, 'Embraer ERJ145', 9),
(180, 'Boeing 717', 12),
(181, 'Airbus A321', 17),
(182, 'Embraer ERJ135', 21),
(183, 'Airbus A340', 24),
(184, 'Boeing 777', 10),
(185, 'Airbus A300', 20),
(186, 'Embraer ERJ140', 22),
(187, 'Boeing 747', 15),
(188, 'Airbus A320', 8),
(189, 'Boeing 777', 3),
(190, 'Airbus A320', 8),
(191, 'Boeing 747', 11),
(192, 'Airbus A380', 2),
(193, 'Boeing 737', 4),
(194, 'Airbus A350', 7),
(195, 'Boeing 787', 18),
(196, 'Embraer E175', 14),
(197, 'Airbus A330', 5),
(198, 'Boeing 767', 23),
(199, 'Embraer E190', 19),
(200, 'Boeing 757', 6),
(201, 'Airbus A319', 1),
(202, 'Embraer ERJ145', 9),
(203, 'Boeing 717', 12),
(204, 'Airbus A321', 17),
(205, 'Embraer ERJ135', 21),
(206, 'Airbus A340', 24),
(207, 'Boeing 777', 10),
(208, 'Airbus A300', 20),
(209, 'Embraer ERJ140', 22),
(210, 'Boeing 747', 15),
(211, 'Boeing 737', 4),
(212, 'Embraer E195', 16),
(213, 'Boeing 777', 3),
(214, 'Airbus A320', 8),
(215, 'Boeing 747', 11),
(216, 'Airbus A380', 2),
(217, 'Boeing 737', 4),
(218, 'Airbus A350', 7),
(219, 'Boeing 787', 18),
(220, 'Embraer E175', 14),
(221, 'Airbus A330', 5),
(222, 'Boeing 767', 23),
(223, 'Embraer E190', 19),
(224, 'Boeing 757', 6),
(225, 'Airbus A319', 1),
(226, 'Embraer ERJ145', 9),
(227, 'Boeing 717', 12),
(228, 'Airbus A321', 17),
(229, 'Embraer ERJ135', 21),
(230, 'Airbus A340', 24),
(231, 'Boeing 777', 10),
(232, 'Airbus A300', 20),
(233, 'Embraer ERJ140', 22),
(234, 'Boeing 747', 15),
(235, 'Airbus A320', 8),
(236, 'Boeing 777', 3),
(237, 'Airbus A320', 8),
(238, 'Boeing 747', 11),
(239, 'Airbus A380', 2),
(240, 'Boeing 737', 4),
(241, 'Airbus A350', 7),
(242, 'Boeing 787', 18),
(243, 'Embraer E175', 14),
(244, 'Airbus A330', 5),
(245, 'Boeing 767', 23),
(246, 'Embraer E190', 19),
(247, 'Boeing 757', 6),
(248, 'Airbus A319', 1),
(249, 'Embraer ERJ145', 9),
(250, 'Boeing 717', 12),
(251, 'Airbus A321', 17),
(252, 'Embraer ERJ135', 21),
(253, 'Airbus A340', 24),
(254, 'Boeing 777', 10),
(255, 'Airbus A300', 20),
(256, 'Embraer ERJ140', 22),
(257, 'Boeing 747', 15),
(258, 'Airbus A320', 8),
(259, 'Boeing 777', 3),
(260, 'Airbus A320', 8),
(261, 'Boeing 747', 11),
(262, 'Airbus A380', 2),
(263, 'Boeing 737', 4),
(264, 'Airbus A350', 7),
(265, 'Boeing 787', 18),
(266, 'Embraer E175', 14),
(267, 'Airbus A330', 5),
(268, 'Boeing 767', 23),
(269, 'Embraer E190', 19),
(270, 'Boeing 757', 6),
(271, 'Airbus A319', 1),
(272, 'Embraer ERJ145', 9),
(273, 'Boeing 717', 12),
(274, 'Airbus A321', 17),
(275, 'Embraer ERJ135', 21),
(276, 'Airbus A340', 24),
(277, 'Boeing 777', 10),
(278, 'Airbus A300', 20),
(279, 'Embraer ERJ140', 22),
(280, 'Boeing 747', 15),
(281, 'Airbus A320', 8),
(282, 'Boeing 777', 3),
(283, 'Airbus A320', 8),
(284, 'Boeing 747', 11),
(285, 'Airbus A380', 2),
(286, 'Boeing 737', 4),
(287, 'Airbus A350', 7),
(288, 'Boeing 787', 18),
(289, 'Embraer E175', 14),
(290, 'Airbus A330', 5),
(291, 'Boeing 767', 23),
(292, 'Embraer E190', 19),
(293, 'Boeing 757', 6),
(294, 'Airbus A319', 1),
(295, 'Embraer ERJ145', 9),
(296, 'Boeing 717', 12),
(297, 'Airbus A321', 17),
(298, 'Embraer ERJ135', 21),
(299, 'Airbus A340', 24),
(300, 'Boeing 777', 10),
(301, 'Airbus A300', 20),
(302, 'Embraer ERJ140', 22),
(303, 'Boeing 747', 15),
(304, 'Boeing 737', 4),
(305, 'Embraer E195', 16),
(306, 'Boeing 777', 3),
(307, 'Airbus A320', 8),
(308, 'Boeing 747', 11),
(309, 'Airbus A380', 2),
(310, 'Boeing 737', 4),
(311, 'Airbus A350', 7),
(312, 'Boeing 787', 18),
(313, 'Embraer E175', 14),
(314, 'Airbus A330', 5),
(315, 'Boeing 767', 23),
(316, 'Embraer E190', 19),
(317, 'Boeing 757', 6),
(318, 'Airbus A319', 1),
(319, 'Embraer ERJ145', 9),
(320, 'Boeing 717', 12),
(321, 'Airbus A321', 17),
(322, 'Embraer ERJ135', 21),
(323, 'Airbus A340', 24),
(324, 'Boeing 777', 10),
(325, 'Airbus A300', 20),
(326, 'Embraer ERJ140', 22),
(327, 'Boeing 747', 15),
(328, 'Airbus A320', 8),
(329, 'Boeing 777', 3),
(330, 'Airbus A320', 8),
(331, 'Boeing 747', 11),
(332, 'Airbus A380', 2),
(333, 'Boeing 737', 4),
(334, 'Airbus A350', 7),
(335, 'Boeing 787', 18),
(336, 'Embraer E175', 14),
(337, 'Airbus A330', 5),
(338, 'Boeing 767', 23),
(339, 'Embraer E190', 19),
(340, 'Boeing 757', 6),
(341, 'Airbus A319', 1),
(342, 'Embraer ERJ145', 9),
(343, 'Boeing 717', 12),
(344, 'Airbus A321', 17),
(345, 'Embraer ERJ135', 21),
(346, 'Airbus A340', 24),
(347, 'Boeing 777', 10),
(348, 'Airbus A300', 20),
(349, 'Embraer ERJ140', 22),
(350, 'Boeing 747', 15),
(351, 'Airbus A320', 8),
(352, 'Boeing 777', 3),
(353, 'Airbus A320', 8),
(354, 'Boeing 747', 11),
(355, 'Airbus A380', 2),
(356, 'Boeing 737', 4),
(357, 'Airbus A350', 7),
(358, 'Boeing 787', 18),
(359, 'Embraer E175', 14),
(360, 'Airbus A330', 5),
(361, 'Boeing 767', 23),
(362, 'Embraer E190', 19),
(363, 'Boeing 757', 6),
(364, 'Airbus A319', 1),
(365, 'Embraer ERJ145', 9),
(366, 'Boeing 717', 12),
(367, 'Airbus A321', 17),
(368, 'Embraer ERJ135', 21),
(369, 'Airbus A340', 24),
(370, 'Boeing 777', 10),
(371, 'Airbus A300', 20),
(372, 'Embraer ERJ140', 22),
(373, 'Boeing 747', 15),
(374, 'Airbus A320', 8),
(375, 'Boeing 777', 3),
(376, 'Airbus A320', 8),
(377, 'Boeing 747', 11),
(378, 'Airbus A380', 2),
(379, 'Boeing 737', 4),
(380, 'Airbus A350', 7),
(381, 'Boeing 787', 18),
(382, 'Embraer E175', 14),
(383, 'Airbus A330', 5),
(384, 'Boeing 767', 23),
(385, 'Embraer E190', 19),
(386, 'Boeing 757', 6),
(387, 'Airbus A319', 1),
(388, 'Embraer ERJ145', 9),
(389, 'Boeing 717', 12),
(390, 'Airbus A321', 17),
(391, 'Embraer ERJ135', 21),
(392, 'Airbus A340', 24),
(393, 'Boeing 777', 10),
(394, 'Airbus A300', 20),
(395, 'Embraer ERJ140', 22),
(396, 'Boeing 747', 15),
(397, 'Airbus A320', 8),
(398, 'Boeing 777', 3),
(399, 'Airbus A320', 8),
(400, 'Boeing 747', 11),
(401, 'Airbus A380', 2),
(402, 'Boeing 737', 4),
(403, 'Airbus A350', 7),
(404, 'Boeing 787', 18),
(405, 'Embraer E175', 14),
(406, 'Airbus A330', 5),
(407, 'Boeing 767', 23),
(408, 'Embraer E190', 19),
(409, 'Boeing 757', 6),
(410, 'Airbus A319', 1),
(411, 'Embraer ERJ145', 9),
(412, 'Boeing 717', 12),
(413, 'Airbus A321', 17),
(414, 'Embraer ERJ135', 21),
(415, 'Airbus A340', 24),
(416, 'Boeing 777', 10),
(417, 'Airbus A300', 20),
(418, 'Embraer ERJ140', 22),
(419, 'Boeing 747', 15),
(420, 'Airbus A320', 8),
(421, 'Boeing 777', 3),
(422, 'Airbus A320', 8),
(423, 'Boeing 747', 11),
(424, 'Airbus A380', 2),
(425, 'Boeing 737', 4),
(426, 'Airbus A350', 7),
(427, 'Boeing 787', 18),
(428, 'Embraer E175', 14),
(429, 'Airbus A330', 5),
(430, 'Boeing 767', 23),
(431, 'Embraer E190', 19),
(432, 'Boeing 757', 6),
(433, 'Airbus A319', 1),
(434, 'Embraer ERJ145', 9),
(435, 'Boeing 717', 12),
(436, 'Airbus A321', 17),
(437, 'Embraer ERJ135', 21),
(438, 'Airbus A340', 24),
(439, 'Boeing 777', 10),
(440, 'Airbus A300', 20),
(441, 'Embraer ERJ140', 22),
(442, 'Boeing 747', 15),
(443, 'Airbus A320', 8),
(444, 'Boeing 777', 3),
(445, 'Airbus A320', 8),
(446, 'Boeing 747', 11),
(447, 'Airbus A380', 2),
(448, 'Boeing 737', 4),
(449, 'Airbus A350', 7),
(450, 'Boeing 787', 18),
(451, 'Embraer E175', 14),
(452, 'Airbus A330', 5),
(453, 'Boeing 767', 23),
(454, 'Embraer E190', 19),
(455, 'Boeing 757', 6),
(456, 'Airbus A319', 1),
(457, 'Embraer ERJ145', 9),
(458, 'Boeing 717', 12),
(459, 'Airbus A321', 17),
(460, 'Embraer ERJ135', 21),
(461, 'Airbus A340', 24),
(462, 'Boeing 777', 10),
(463, 'Airbus A300', 20),
(464, 'Embraer ERJ140', 22),
(465, 'Boeing 747', 15),
(466, 'Airbus A320', 8),
(467, 'Boeing 777', 3),
(468, 'Airbus A320', 8),
(469, 'Boeing 747', 11),
(470, 'Airbus A380', 2),
(471, 'Boeing 737', 4),
(472, 'Airbus A350', 7),
(473, 'Boeing 787', 18),
(474, 'Embraer E175', 14),
(475, 'Airbus A330', 5),
(476, 'Boeing 767', 23),
(477, 'Embraer E190', 19),
(478, 'Boeing 757', 6),
(479, 'Airbus A319', 1),
(480, 'Embraer ERJ145', 9),
(481, 'Boeing 717', 12),
(482, 'Airbus A321', 17),
(483, 'Embraer ERJ135', 21),
(484, 'Airbus A340', 24),
(485, 'Boeing 777', 10),
(486, 'Airbus A300', 20),
(487, 'Embraer ERJ140', 22),
(488, 'Boeing 747', 15),
(489, 'Airbus A320', 8),
(490, 'Boeing 777', 3),
(491, 'Airbus A320', 8),
(492, 'Boeing 747', 11),
(493, 'Airbus A380', 2),
(494, 'Boeing 737', 4),
(495, 'Airbus A350', 7),
(496, 'Boeing 787', 18),
(497, 'Embraer E175', 14),
(498, 'Airbus A330', 5),
(499, 'Boeing 767', 23),
(500, 'Embraer E190', 19),
(501, 'Boeing 757', 6),
(502, 'Airbus A319', 1),
(503, 'Embraer ERJ145', 9),
(504, 'Boeing 717', 12),
(505, 'Airbus A321', 17),
(506, 'Embraer ERJ135', 21),
(507, 'Airbus A340', 24),
(508, 'Boeing 777', 10),
(509, 'Airbus A300', 20),
(510, 'Embraer ERJ140', 22),
(511, 'Boeing 747', 15),
(512, 'Airbus A320', 8),
(513, 'Boeing 777', 3),
(514, 'Airbus A320', 8),
(515, 'Boeing 747', 11),
(516, 'Airbus A380', 2),
(517, 'Boeing 737', 4),
(518, 'Airbus A350', 7),
(519, 'Boeing 787', 18),
(520, 'Embraer E175', 14),
(521, 'Airbus A330', 5),
(522, 'Boeing 767', 23),
(523, 'Embraer E190', 19),
(524, 'Boeing 757', 6),
(525, 'Airbus A319', 1),
(526, 'Embraer ERJ145', 9),
(527, 'Boeing 717', 12),
(528, 'Airbus A321', 17),
(529, 'Embraer ERJ135', 21),
(530, 'Airbus A340', 24),
(531, 'Boeing 777', 10),
(532, 'Airbus A300', 20),
(533, 'Embraer ERJ140', 22),
(534, 'Boeing 747', 15),
(535, 'Airbus A320', 8),
(536, 'Boeing 777', 3),
(537, 'Airbus A320', 8),
(538, 'Boeing 747', 11),
(539, 'Airbus A380', 2),
(540, 'Boeing 737', 4),
(541, 'Airbus A350', 7),
(542, 'Boeing 787', 18),
(543, 'Embraer E175', 14),
(544, 'Airbus A330', 5),
(545, 'Boeing 767', 23),
(546, 'Embraer E190', 19),
(547, 'Boeing 757', 6),
(548, 'Airbus A319', 1),
(549, 'Embraer ERJ145', 9),
(550, 'Boeing 717', 12),
(551, 'Airbus A321', 17),
(552, 'Embraer ERJ135', 21),
(553, 'Airbus A340', 24),
(554, 'Boeing 777', 10),
(555, 'Airbus A300', 20),
(556, 'Embraer ERJ140', 22),
(557, 'Boeing 747', 15),
(558, 'Airbus A320', 8),
(559, 'Boeing 777', 3),
(560, 'Airbus A320', 8),
(561, 'Boeing 747', 11),
(562, 'Airbus A380', 2),
(563, 'Boeing 737', 4),
(564, 'Airbus A350', 7),
(565, 'Boeing 787', 18),
(566, 'Embraer E175', 14),
(567, 'Airbus A330', 5),
(568, 'Boeing 767', 23),
(569, 'Embraer E190', 19),
(570, 'Boeing 757', 6),
(571, 'Airbus A319', 1),
(572, 'Embraer ERJ145', 9),
(573, 'Boeing 717', 12),
(574, 'Airbus A321', 17),
(575, 'Embraer ERJ135', 21),
(576, 'Airbus A340', 24),
(577, 'Boeing 777', 10),
(578, 'Airbus A300', 20),
(579, 'Embraer ERJ140', 22),
(580, 'Boeing 747', 15),
(581, 'Airbus A320', 8),
(582, 'Boeing 777', 3),
(583, 'Airbus A320', 8),
(584, 'Boeing 747', 11),
(585, 'Airbus A380', 2),
(586, 'Boeing 737', 4),
(587, 'Airbus A350', 7),
(588, 'Boeing 787', 18),
(589, 'Embraer E175', 14),
(590, 'Airbus A330', 5),
(591, 'Boeing 767', 23),
(592, 'Embraer E190', 19),
(593, 'Boeing 757', 6),
(594, 'Airbus A319', 1),
(595, 'Embraer ERJ145', 9),
(596, 'Boeing 717', 12),
(597, 'Airbus A321', 17),
(598, 'Embraer ERJ135', 21),
(599, 'Airbus A340', 24),
(600, 'Boeing 777', 10),
(601, 'Airbus A300', 20),
(602, 'Embraer ERJ140', 22),
(603, 'Boeing 747', 15),
(604, 'Airbus A320', 8),
(605, 'Boeing 777', 3),
(606, 'Airbus A320', 8),
(607, 'Boeing 747', 11),
(608, 'Airbus A380', 2),
(609, 'Boeing 737', 4),
(610, 'Airbus A350', 7),
(611, 'Boeing 787', 18),
(612, 'Embraer E175', 14),
(613, 'Airbus A330', 5),
(614, 'Boeing 767', 23),
(615, 'Embraer E190', 19),
(616, 'Boeing 757', 6),
(617, 'Airbus A319', 1),
(618, 'Embraer ERJ145', 9),
(619, 'Boeing 717', 12),
(620, 'Airbus A321', 17),
(621, 'Embraer ERJ135', 21),
(622, 'Airbus A340', 24),
(623, 'Boeing 777', 10),
(624, 'Airbus A300', 20),
(625, 'Embraer ERJ140', 22),
(626, 'Boeing 747', 15),
(627, 'Airbus A320', 8),
(628, 'Boeing 777', 3),
(629, 'Airbus A320', 8),
(630, 'Boeing 747', 11),
(631, 'Airbus A380', 2),
(632, 'Boeing 737', 4),
(633, 'Airbus A350', 7),
(634, 'Boeing 787', 18),
(635, 'Embraer E175', 14),
(636, 'Airbus A330', 5),
(637, 'Boeing 767', 23),
(638, 'Embraer E190', 19),
(639, 'Boeing 757', 6),
(640, 'Airbus A319', 1),
(641, 'Embraer ERJ145', 9),
(642, 'Boeing 717', 12),
(643, 'Airbus A321', 17),
(644, 'Embraer ERJ135', 21),
(645, 'Airbus A340', 24),
(646, 'Boeing 777', 10),
(647, 'Airbus A300', 20),
(648, 'Embraer ERJ140', 22),
(649, 'Boeing 747', 15),
(650, 'Airbus A320', 8),
(651, 'Boeing 777', 3),
(652, 'Airbus A320', 8),
(653, 'Boeing 747', 11),
(654, 'Airbus A380', 2),
(655, 'Boeing 737', 4),
(656, 'Airbus A350', 7),
(657, 'Boeing 787', 18),
(658, 'Embraer E175', 14),
(659, 'Airbus A330', 5),
(660, 'Boeing 767', 23),
(661, 'Embraer E190', 19),
(662, 'Boeing 757', 6),
(663, 'Airbus A319', 1),
(664, 'Embraer ERJ145', 9),
(665, 'Boeing 717', 12),
(666, 'Airbus A321', 17),
(667, 'Embraer ERJ135', 21),
(668, 'Airbus A340', 24),
(669, 'Boeing 777', 10),
(670, 'Airbus A300', 20),
(671, 'Embraer ERJ140', 22),
(672, 'Boeing 747', 15),
(673, 'Airbus A320', 8),
(674, 'Boeing 777', 3),
(675, 'Airbus A320', 8),
(676, 'Boeing 747', 11),
(677, 'Airbus A380', 2),
(678, 'Boeing 737', 4),
(679, 'Airbus A350', 7),
(680, 'Boeing 787', 18),
(681, 'Embraer E175', 14),
(682, 'Airbus A330', 5),
(683, 'Boeing 767', 23),
(684, 'Embraer E190', 19),
(685, 'Boeing 757', 6),
(686, 'Airbus A319', 1),
(687, 'Embraer ERJ145', 9),
(688, 'Boeing 717', 12),
(689, 'Airbus A321', 17),
(690, 'Embraer ERJ135', 21),
(691, 'Airbus A340', 24),
(692, 'Boeing 777', 10),
(693, 'Airbus A300', 20),
(694, 'Embraer ERJ140', 22),
(695, 'Boeing 747', 15),
(696, 'Airbus A320', 8),
(697, 'Boeing 777', 3),
(698, 'Airbus A320', 8),
(699, 'Boeing 747', 11),
(700, 'Airbus A380', 2),
(701, 'Boeing 737', 4),
(702, 'Airbus A350', 7),
(703, 'Boeing 787', 18),
(704, 'Embraer E175', 14),
(705, 'Airbus A330', 5),
(706, 'Boeing 767', 23),
(707, 'Embraer E190', 19),
(708, 'Boeing 757', 6),
(709, 'Airbus A319', 1),
(710, 'Embraer ERJ145', 9),
(711, 'Boeing 717', 12),
(712, 'Airbus A321', 17),
(713, 'Embraer ERJ135', 21),
(714, 'Airbus A340', 24),
(715, 'Boeing 777', 10),
(716, 'Airbus A300', 20),
(717, 'Embraer ERJ140', 22),
(718, 'Boeing 747', 15);

-- --------------------------------------------------------

--
-- Struktura tabulky `letadlo_has_produkt`
--

CREATE TABLE `letadlo_has_produkt` (
  `letadlo_letadlo_id` int(11) NOT NULL,
  `produkt_produkt_id` int(11) NOT NULL
) ENGINE=InnoDB DEFAULT CHARSET=utf8mb4 COLLATE=utf8mb4_general_ci;

-- --------------------------------------------------------

--
-- Struktura tabulky `objednavka`
--

CREATE TABLE `objednavka` (
  `objednavka_id` int(11) NOT NULL,
  `objednavka_datum` date NOT NULL,
  `platba_platba_id` int(11) NOT NULL,
  `uzivatel_uzivatel_id` int(11) NOT NULL
) ENGINE=InnoDB DEFAULT CHARSET=utf8mb4 COLLATE=utf8mb4_general_ci;

--
-- Vypisuji data pro tabulku `objednavka`
--

INSERT INTO `objednavka` (`objednavka_id`, `objednavka_datum`, `platba_platba_id`, `uzivatel_uzivatel_id`) VALUES
(9003, '2023-11-16', 1, 4),
(9004, '2023-11-16', 1, 4),
(9005, '2020-10-16', 5, 43),
(9006, '2019-07-24', 4, 43),
(9007, '2018-06-06', 3, 34),
(9008, '2016-10-09', 4, 32),
(9009, '2021-10-30', 1, 16),
(9010, '2021-01-10', 2, 32),
(9011, '2022-06-03', 5, 47),
(9012, '2015-09-26', 2, 48),
(9013, '2023-10-07', 3, 43),
(9014, '2020-10-07', 2, 10),
(9015, '2016-06-09', 3, 38),
(9016, '2023-08-05', 2, 22),
(9017, '2023-10-27', 5, 1),
(9018, '2018-09-16', 1, 47),
(9019, '2019-07-05', 5, 4),
(9020, '2022-10-30', 3, 30),
(9021, '2022-04-11', 5, 36),
(9022, '2022-01-31', 2, 2),
(9023, '2022-07-17', 3, 21),
(9024, '2022-07-29', 2, 39),
(9025, '2015-04-13', 3, 27),
(9026, '2016-09-01', 2, 34),
(9027, '2020-11-29', 2, 4),
(9028, '2021-08-02', 3, 22),
(9029, '2023-10-07', 2, 50),
(9030, '2018-04-04', 4, 10),
(9031, '2017-03-22', 1, 21),
(9032, '2018-08-06', 2, 18),
(9033, '2020-04-06', 3, 25),
(9034, '2019-02-12', 3, 43),
(9035, '2023-03-22', 4, 36),
(9036, '2017-05-08', 1, 16),
(9037, '2021-08-07', 3, 20),
(9038, '2019-04-18', 2, 31),
(9039, '2022-11-26', 3, 24),
(9040, '2021-06-12', 1, 41),
(9041, '2022-01-14', 2, 13),
(9042, '2015-08-27', 2, 25),
(9043, '2019-04-14', 5, 11),
(9044, '2016-11-06', 5, 14),
(9045, '2016-03-16', 2, 7),
(9046, '2015-06-25', 5, 18),
(9047, '2020-11-09', 5, 1),
(9048, '2021-10-03', 4, 44),
(9049, '2018-03-30', 2, 48),
(9050, '2022-07-05', 5, 44),
(9051, '2019-06-13', 3, 37),
(9052, '2017-12-23', 4, 14),
(9053, '2016-02-19', 5, 35),
(9054, '2016-04-30', 1, 48),
(9055, '2019-09-15', 1, 38),
(9056, '2020-04-01', 4, 25),
(9057, '2021-02-23', 4, 46),
(9058, '2016-11-25', 1, 9),
(9059, '2019-02-05', 3, 31),
(9060, '2017-08-20', 1, 35),
(9061, '2015-10-09', 2, 46),
(9062, '2018-04-01', 5, 16),
(9063, '2020-08-07', 3, 9),
(9064, '2020-08-13', 1, 7),
(9065, '2015-07-23', 3, 46),
(9066, '2021-12-07', 2, 46),
(9067, '2022-04-02', 3, 19),
(9068, '2018-08-28', 2, 46),
(9069, '2015-08-01', 4, 3),
(9070, '2019-02-20', 1, 16),
(9071, '2019-10-22', 3, 43),
(9072, '2015-04-07', 5, 45),
(9073, '2015-08-12', 3, 1),
(9074, '2017-01-10', 2, 46),
(9075, '2018-08-06', 2, 40),
(9076, '2015-11-20', 1, 11),
(9077, '2015-04-04', 4, 6),
(9078, '2020-11-14', 2, 49),
(9079, '2019-09-12', 3, 47),
(9080, '2017-08-07', 4, 28),
(9081, '2015-03-22', 5, 16),
(9082, '2021-04-09', 5, 3),
(9083, '2015-09-24', 2, 43),
(9084, '2021-05-03', 2, 14),
(9085, '2017-08-30', 1, 20),
(9086, '2022-04-19', 4, 46),
(9087, '2018-04-05', 2, 34),
(9088, '2021-09-25', 3, 11),
(9089, '2022-11-24', 4, 24),
(9090, '2021-05-28', 1, 8),
(9091, '2022-08-27', 1, 9),
(9092, '2018-11-12', 2, 19),
(9093, '2020-11-06', 1, 39),
(9094, '2023-06-30', 2, 13),
(9095, '2023-12-25', 3, 3),
(9096, '2021-12-08', 3, 22),
(9097, '2017-12-10', 5, 35),
(9098, '2016-08-05', 1, 34),
(9099, '2020-03-16', 2, 34),
(9100, '2021-06-16', 1, 19),
(9101, '2019-06-26', 5, 42),
(9102, '2019-04-15', 2, 13),
(9103, '2015-03-28', 4, 3),
(9104, '2015-10-01', 5, 14),
(9105, '2022-08-03', 5, 42),
(9106, '2021-08-06', 2, 9),
(9107, '2023-10-08', 3, 22),
(9108, '2022-04-02', 5, 40),
(9109, '2020-04-12', 2, 47),
(9110, '2018-08-03', 3, 25),
(9111, '2018-01-04', 4, 10),
(9112, '2023-10-15', 3, 33),
(9113, '2021-07-24', 1, 34),
(9114, '2018-05-28', 4, 22),
(9115, '2023-04-26', 4, 13),
(9116, '2020-02-05', 4, 41),
(9117, '2021-05-30', 5, 38),
(9118, '2019-06-01', 4, 45),
(9119, '2016-05-08', 5, 30),
(9120, '2016-03-03', 1, 18),
(9121, '2019-01-01', 4, 31),
(9122, '2015-08-31', 3, 10),
(9123, '2018-06-01', 5, 41),
(9124, '2018-11-19', 3, 46),
(9125, '2016-10-21', 4, 27),
(9126, '2019-08-13', 2, 14),
(9127, '2018-09-28', 5, 9),
(9128, '2020-02-11', 2, 1),
(9129, '2021-03-21', 1, 46),
(9130, '2023-03-16', 3, 13),
(9131, '2020-12-23', 1, 23),
(9132, '2020-09-20', 3, 18),
(9133, '2022-06-18', 4, 38),
(9134, '2022-07-05', 4, 11),
(9135, '2021-09-10', 5, 19),
(9136, '2018-12-22', 3, 36),
(9137, '2020-08-31', 1, 27),
(9138, '2023-05-12', 2, 46),
(9139, '2021-01-11', 2, 23),
(9140, '2019-10-05', 3, 19),
(9141, '2015-06-05', 4, 20),
(9142, '2018-06-04', 4, 12),
(9143, '2018-03-11', 3, 23),
(9144, '2021-06-16', 3, 19),
(9145, '2018-09-06', 4, 44),
(9146, '2021-02-18', 4, 5),
(9147, '2020-11-05', 1, 39),
(9148, '2022-03-04', 5, 38),
(9149, '2021-05-21', 4, 4),
(9150, '2019-07-08', 1, 27),
(9151, '2020-04-28', 3, 6),
(9152, '2021-03-14', 5, 15),
(9153, '2017-11-04', 5, 10),
(9154, '2021-01-14', 2, 39),
(9155, '2021-12-15', 5, 24),
(9156, '2016-05-26', 5, 28),
(9157, '2020-06-25', 2, 31),
(9158, '2019-12-16', 2, 24),
(9159, '2016-08-03', 5, 37),
(9160, '2019-11-22', 4, 31),
(9161, '2016-05-01', 3, 6),
(9162, '2022-06-06', 1, 16),
(9163, '2019-04-18', 5, 21),
(9164, '2016-02-15', 4, 32),
(9165, '2015-09-01', 3, 3),
(9166, '2022-11-18', 1, 47),
(9167, '2016-01-27', 1, 42),
(9168, '2021-10-12', 1, 34),
(9169, '2021-02-22', 2, 15),
(9170, '2021-04-14', 4, 28),
(9171, '2022-02-04', 1, 4),
(9172, '2015-03-27', 4, 10),
(9173, '2016-02-14', 2, 4),
(9174, '2020-02-21', 3, 9),
(9175, '2018-02-16', 2, 38),
(9176, '2019-09-15', 4, 32),
(9177, '2020-12-21', 4, 33),
(9178, '2016-06-26', 5, 49),
(9179, '2023-09-19', 5, 41),
(9180, '2021-08-03', 2, 43),
(9181, '2020-03-08', 4, 32),
(9182, '2020-06-17', 4, 17),
(9183, '2021-11-02', 2, 6),
(9184, '2023-03-11', 5, 24),
(9185, '2022-09-22', 5, 13),
(9186, '2021-02-17', 3, 25),
(9187, '2016-03-13', 5, 11),
(9188, '2016-03-03', 1, 15),
(9189, '2016-08-24', 2, 42),
(9190, '2023-07-03', 2, 24),
(9191, '2020-11-03', 1, 4),
(9192, '2015-03-24', 4, 1),
(9193, '2020-04-15', 5, 27),
(9194, '2023-04-15', 1, 31),
(9195, '2023-06-29', 1, 39),
(9196, '2022-09-02', 2, 11),
(9197, '2019-02-08', 5, 35),
(9198, '2018-01-18', 2, 30),
(9199, '2022-10-06', 2, 19),
(9200, '2015-07-03', 2, 15),
(9201, '2016-04-06', 1, 38),
(9202, '2022-09-23', 1, 38),
(9203, '2019-12-27', 1, 37),
(9204, '2021-08-25', 5, 32),
(9205, '2016-03-08', 3, 40),
(9206, '2019-03-17', 4, 2),
(9207, '2015-07-03', 4, 24),
(9208, '2020-10-09', 2, 24),
(9209, '2021-05-26', 3, 45),
(9210, '2015-10-30', 3, 35),
(9211, '2017-02-02', 5, 16),
(9212, '2019-05-31', 2, 38),
(9213, '2020-01-21', 5, 19),
(9214, '2016-12-12', 2, 7),
(9215, '2021-01-17', 5, 3),
(9216, '2022-12-09', 1, 49),
(9217, '2020-07-25', 2, 18),
(9218, '2018-10-20', 3, 14),
(9219, '2022-08-15', 3, 21),
(9220, '2017-09-25', 3, 5),
(9221, '2019-08-26', 5, 19),
(9222, '2023-09-14', 1, 6),
(9223, '2015-04-19', 1, 8),
(9224, '2021-02-27', 5, 43),
(9225, '2019-06-10', 5, 35),
(9226, '2022-09-23', 4, 9),
(9227, '2015-07-16', 1, 29),
(9228, '2016-07-07', 3, 3),
(9229, '2020-10-07', 2, 13),
(9230, '2017-10-12', 5, 3),
(9231, '2018-03-25', 2, 31),
(9232, '2019-07-27', 4, 25),
(9233, '2020-01-14', 4, 49),
(9234, '2021-04-21', 2, 11),
(9235, '2020-10-22', 4, 14),
(9236, '2020-04-22', 2, 43),
(9237, '2019-11-10', 5, 2),
(9238, '2015-05-16', 3, 18),
(9239, '2021-09-02', 5, 26),
(9240, '2019-03-19', 3, 25),
(9241, '2016-10-04', 3, 23),
(9242, '2023-05-02', 1, 14),
(9243, '2019-01-24', 5, 35),
(9244, '2022-03-22', 2, 38),
(9245, '2018-07-06', 2, 16),
(9246, '2017-08-31', 3, 3),
(9247, '2023-02-09', 3, 1),
(9248, '2019-04-06', 5, 16),
(9249, '2015-04-14', 5, 18),
(9250, '2022-01-27', 1, 8),
(9251, '2019-08-19', 1, 44),
(9252, '2017-07-09', 4, 42),
(9253, '2021-08-26', 1, 9),
(9254, '2021-12-23', 1, 12),
(9255, '2015-10-24', 2, 46),
(9256, '2021-10-22', 1, 3),
(9257, '2021-05-29', 5, 41),
(9258, '2019-07-12', 2, 48),
(9259, '2019-12-23', 1, 41),
(9260, '2019-06-05', 2, 26),
(9261, '2022-10-10', 3, 25),
(9262, '2022-08-22', 4, 35),
(9263, '2023-06-27', 1, 34),
(9264, '2018-10-22', 2, 2),
(9265, '2018-04-27', 5, 10),
(9266, '2017-11-02', 5, 16),
(9267, '2021-05-01', 4, 20),
(9268, '2016-12-22', 1, 38),
(9269, '2023-12-20', 3, 49),
(9270, '2023-12-02', 2, 7),
(9271, '2018-05-09', 4, 46),
(9272, '2019-11-08', 2, 21),
(9273, '2018-03-27', 4, 38),
(9274, '2015-09-14', 5, 13),
(9275, '2017-01-16', 4, 39),
(9276, '2023-03-07', 4, 25),
(9277, '2020-11-30', 2, 26),
(9278, '2023-12-24', 3, 25),
(9279, '2018-07-19', 4, 17),
(9280, '2018-07-06', 3, 24),
(9281, '2020-08-19', 1, 20),
(9282, '2020-11-07', 5, 21),
(9283, '2019-11-09', 3, 22),
(9284, '2023-01-08', 1, 23),
(9285, '2021-12-18', 5, 43),
(9286, '2018-06-17', 2, 3),
(9287, '2016-06-29', 5, 49),
(9288, '2022-09-29', 1, 24),
(9289, '2018-01-21', 3, 39),
(9290, '2017-04-27', 3, 9),
(9291, '2022-04-02', 4, 38),
(9292, '2020-04-12', 4, 4),
(9293, '2016-03-15', 4, 50),
(9294, '2016-05-21', 3, 2),
(9295, '2017-01-29', 2, 41),
(9296, '2022-02-15', 5, 40),
(9297, '2022-05-20', 3, 17),
(9298, '2021-05-31', 2, 30),
(9299, '2015-01-11', 2, 14),
(9300, '2018-03-04', 1, 18),
(9301, '2019-09-23', 1, 40),
(9302, '2017-02-07', 1, 11),
(9303, '2019-12-14', 5, 47),
(9304, '2019-07-05', 2, 34),
(9305, '2017-02-11', 2, 6),
(9306, '2018-06-06', 4, 26),
(9307, '2017-11-02', 3, 26),
(9308, '2023-07-09', 2, 22),
(9309, '2016-06-24', 3, 21),
(9310, '2021-02-13', 4, 27),
(9311, '2018-08-22', 1, 1),
(9312, '2017-01-23', 1, 31),
(9313, '2019-11-01', 4, 23),
(9314, '2023-12-16', 2, 35),
(9315, '2020-02-06', 5, 22),
(9316, '2015-09-21', 3, 22),
(9317, '2016-12-19', 3, 1),
(9318, '2017-03-15', 5, 30),
(9319, '2022-01-02', 1, 33),
(9320, '2015-10-25', 2, 48),
(9321, '2020-02-20', 3, 14),
(9322, '2020-04-21', 4, 50),
(9323, '2015-08-26', 4, 16),
(9324, '2021-02-02', 4, 31),
(9325, '2019-01-23', 5, 36),
(9326, '2018-01-04', 5, 17),
(9327, '2016-07-30', 1, 44),
(9328, '2018-06-07', 4, 1),
(9329, '2016-10-15', 5, 13),
(9330, '2020-08-09', 3, 10),
(9331, '2016-04-02', 3, 24),
(9332, '2017-05-18', 2, 7),
(9333, '2015-02-08', 1, 7),
(9334, '2019-11-05', 3, 25),
(9335, '2022-06-18', 3, 28),
(9336, '2021-12-26', 2, 13),
(9337, '2017-07-05', 5, 2),
(9338, '2017-02-09', 3, 37),
(9339, '2016-08-26', 5, 36),
(9340, '2018-10-18', 2, 8),
(9341, '2016-10-18', 2, 18),
(9342, '2023-05-03', 5, 26),
(9343, '2021-10-29', 3, 28),
(9344, '2017-09-16', 1, 16),
(9345, '2017-01-05', 4, 38),
(9346, '2020-02-23', 5, 31),
(9347, '2017-03-30', 1, 12),
(9348, '2018-09-18', 2, 9),
(9349, '2015-02-10', 1, 8),
(9350, '2022-07-28', 4, 35),
(9351, '2019-01-30', 4, 18),
(9352, '2015-07-10', 3, 32),
(9353, '2019-11-18', 4, 42),
(9354, '2016-10-01', 1, 49),
(9355, '2016-06-27', 3, 37),
(9356, '2015-02-08', 1, 43),
(9357, '2016-11-28', 1, 11),
(9358, '2022-06-21', 1, 42),
(9359, '2018-12-08', 5, 4),
(9360, '2015-09-23', 4, 31),
(9361, '2022-01-04', 4, 10),
(9362, '2023-07-28', 2, 34),
(9363, '2016-11-22', 4, 29),
(9364, '2020-06-08', 4, 27),
(9365, '2019-02-12', 5, 24),
(9366, '2022-04-06', 5, 42),
(9367, '2018-03-21', 2, 29),
(9368, '2020-04-09', 2, 19),
(9369, '2017-04-16', 3, 7),
(9370, '2023-07-30', 5, 7),
(9371, '2021-02-23', 2, 48),
(9372, '2023-04-28', 1, 41),
(9373, '2023-02-15', 4, 8),
(9374, '2016-11-29', 5, 18),
(9375, '2017-01-18', 1, 39),
(9376, '2018-06-07', 3, 37),
(9377, '2015-03-16', 1, 9),
(9378, '2020-04-02', 3, 39),
(9379, '2021-06-22', 3, 27),
(9380, '2018-01-03', 4, 25),
(9381, '2019-01-10', 4, 15),
(9382, '2018-11-29', 2, 6),
(9383, '2022-03-06', 3, 42),
(9384, '2022-09-26', 4, 22),
(9385, '2018-08-08', 2, 21),
(9386, '2019-11-15', 5, 45),
(9387, '2019-01-13', 1, 45),
(9388, '2015-10-23', 3, 12),
(9389, '2020-05-19', 2, 36),
(9390, '2020-04-26', 2, 37),
(9391, '2021-04-23', 4, 15),
(9392, '2023-11-15', 2, 7),
(9393, '2018-12-13', 2, 25),
(9394, '2018-06-13', 1, 41),
(9395, '2022-12-15', 4, 18),
(9396, '2016-11-07', 2, 14),
(9397, '2021-01-21', 4, 14),
(9398, '2019-04-04', 2, 5),
(9399, '2016-05-12', 1, 48),
(9400, '2022-05-04', 3, 11),
(9401, '2021-05-31', 5, 39),
(9402, '2015-04-18', 2, 9),
(9403, '2017-11-10', 5, 36),
(9404, '2015-02-28', 2, 21),
(9405, '2021-04-06', 3, 16),
(9406, '2020-09-14', 5, 30),
(9407, '2016-07-02', 1, 44),
(9408, '2019-12-21', 1, 46),
(9409, '2022-02-12', 3, 32),
(9410, '2018-06-27', 1, 12),
(9411, '2017-08-09', 3, 3),
(9412, '2019-12-29', 1, 41),
(9413, '2020-10-18', 5, 9),
(9414, '2022-02-21', 1, 8),
(9415, '2021-12-27', 3, 37),
(9416, '2016-04-04', 1, 26),
(9417, '2015-04-03', 5, 38),
(9418, '2022-11-09', 1, 28),
(9419, '2018-09-25', 4, 6),
(9420, '2021-04-23', 4, 48),
(9421, '2019-12-24', 1, 17),
(9422, '2018-04-28', 3, 18),
(9423, '2015-02-21', 4, 24),
(9424, '2015-08-03', 5, 25),
(9425, '2015-08-18', 2, 39),
(9426, '2022-02-17', 1, 39),
(9427, '2022-10-01', 4, 20),
(9428, '2016-03-27', 4, 7),
(9429, '2016-07-20', 4, 42),
(9430, '2020-05-25', 2, 38),
(9431, '2019-01-14', 3, 26),
(9432, '2023-03-18', 5, 33),
(9433, '2018-08-12', 3, 30),
(9434, '2016-08-17', 4, 13),
(9435, '2021-12-06', 1, 21),
(9436, '2023-06-19', 1, 41),
(9437, '2020-08-25', 1, 4),
(9438, '2022-04-05', 4, 37),
(9439, '2018-01-19', 4, 23),
(9440, '2020-05-17', 2, 34),
(9441, '2020-04-02', 1, 5),
(9442, '2017-12-24', 3, 47),
(9443, '2019-11-25', 2, 37),
(9444, '2021-03-09', 2, 26),
(9445, '2017-09-07', 5, 47),
(9446, '2016-02-07', 1, 8),
(9447, '2022-12-25', 4, 35),
(9448, '2018-09-08', 4, 36),
(9449, '2016-03-03', 3, 5),
(9450, '2023-03-05', 5, 8),
(9451, '2022-03-21', 5, 38),
(9452, '2018-09-15', 2, 27),
(9453, '2023-03-26', 2, 26),
(9454, '2021-10-29', 2, 11),
(9455, '2022-01-30', 5, 32),
(9456, '2020-04-27', 3, 3),
(9457, '2016-07-22', 2, 46),
(9458, '2017-10-29', 3, 37),
(9459, '2020-10-03', 2, 14),
(9460, '2018-10-06', 2, 24),
(9461, '2021-05-30', 4, 5),
(9462, '2019-12-01', 1, 9),
(9463, '2023-03-17', 3, 16),
(9464, '2021-08-21', 2, 7),
(9465, '2016-08-02', 4, 35),
(9466, '2022-09-27', 2, 9),
(9467, '2021-11-03', 5, 25),
(9468, '2019-05-13', 1, 33),
(9469, '2016-05-19', 5, 16),
(9470, '2016-02-01', 1, 35),
(9471, '2023-04-09', 5, 31),
(9472, '2018-08-05', 5, 32),
(9473, '2018-11-29', 5, 36),
(9474, '2015-07-31', 4, 25),
(9475, '2018-06-14', 1, 44),
(9476, '2023-03-08', 2, 23),
(9477, '2016-03-05', 1, 29),
(9478, '2022-06-07', 3, 13),
(9479, '2018-04-24', 4, 26),
(9480, '2016-01-19', 1, 43),
(9481, '2016-06-16', 1, 3),
(9482, '2023-09-17', 2, 29),
(9483, '2020-09-10', 5, 15),
(9484, '2023-05-15', 5, 29),
(9485, '2020-10-14', 1, 20),
(9486, '2018-11-13', 1, 44),
(9487, '2021-03-13', 1, 23),
(9488, '2015-05-09', 1, 1),
(9489, '2019-08-06', 3, 48),
(9490, '2022-10-19', 1, 6),
(9491, '2015-05-19', 4, 20),
(9492, '2018-07-28', 5, 30),
(9493, '2016-04-14', 5, 2),
(9494, '2023-09-11', 3, 22),
(9495, '2021-12-28', 4, 26),
(9496, '2022-04-14', 5, 4),
(9497, '2015-11-26', 2, 47),
(9498, '2022-12-08', 4, 26),
(9499, '2018-08-11', 1, 26),
(9500, '2015-02-11', 5, 39),
(9501, '2016-05-14', 4, 25),
(9502, '2021-02-26', 2, 49),
(9503, '2017-03-17', 3, 30),
(9504, '2019-06-12', 3, 28),
(9505, '2016-06-20', 1, 49),
(9506, '2020-06-16', 4, 27),
(9507, '2020-10-03', 1, 40),
(9508, '2020-07-24', 4, 7),
(9509, '2019-07-05', 1, 6),
(9510, '2022-07-31', 4, 38),
(9511, '2021-12-18', 2, 41),
(9512, '2022-12-08', 1, 47),
(9513, '2020-11-22', 1, 45),
(9514, '2020-10-12', 1, 30),
(9515, '2018-07-16', 3, 25),
(9516, '2015-01-12', 3, 27),
(9517, '2017-08-22', 2, 1),
(9518, '2021-03-01', 3, 2),
(9519, '2023-04-18', 5, 42),
(9520, '2018-10-25', 1, 2),
(9521, '2021-08-02', 4, 22),
(9522, '2015-08-11', 4, 50),
(9523, '2018-02-14', 1, 3),
(9524, '2023-08-10', 5, 33),
(9525, '2018-02-19', 3, 44),
(9526, '2021-01-08', 4, 2),
(9527, '2020-05-28', 5, 15),
(9528, '2020-06-28', 3, 1),
(9529, '2017-08-07', 5, 34),
(9530, '2016-02-15', 5, 12),
(9531, '2019-02-26', 1, 9),
(9532, '2020-05-11', 2, 19),
(9533, '2018-05-15', 4, 11),
(9534, '2016-03-07', 4, 24),
(9535, '2023-04-17', 4, 18),
(9536, '2022-12-05', 1, 36),
(9537, '2020-06-22', 2, 24),
(9538, '2018-08-25', 5, 36),
(9539, '2019-06-13', 2, 26),
(9540, '2018-07-24', 2, 40),
(9541, '2019-02-09', 5, 11),
(9542, '2017-09-03', 2, 14),
(9543, '2022-06-29', 4, 24),
(9544, '2022-05-30', 5, 20),
(9545, '2019-08-02', 1, 9),
(9546, '2021-09-02', 4, 21),
(9547, '2018-04-06', 2, 28),
(9548, '2015-07-05', 5, 41),
(9549, '2018-12-22', 5, 34),
(9550, '2022-06-17', 5, 19),
(9551, '2017-03-17', 3, 35),
(9552, '2019-07-15', 1, 40),
(9553, '2021-12-10', 3, 1),
(9554, '2019-06-26', 5, 2),
(9555, '2020-12-07', 1, 28),
(9556, '2023-10-21', 4, 2),
(9557, '2017-03-13', 4, 17),
(9558, '2023-08-19', 3, 42),
(9559, '2015-08-31', 4, 42),
(9560, '2018-07-02', 3, 45),
(9561, '2021-06-25', 4, 2),
(9562, '2021-01-05', 4, 6),
(9563, '2015-12-13', 2, 40),
(9564, '2022-12-21', 4, 20),
(9565, '2017-06-04', 2, 48),
(9566, '2017-01-13', 4, 49),
(9567, '2015-11-29', 3, 35),
(9568, '2015-09-03', 4, 10),
(9569, '2015-08-02', 4, 36),
(9570, '2019-02-08', 3, 39),
(9571, '2022-09-19', 4, 22),
(9572, '2016-12-21', 3, 17),
(9573, '2015-01-22', 5, 44),
(9574, '2018-11-28', 1, 31),
(9575, '2015-11-07', 2, 36),
(9576, '2020-05-14', 1, 27),
(9577, '2016-01-12', 4, 18),
(9578, '2020-10-30', 3, 28),
(9579, '2021-03-11', 2, 24),
(9580, '2021-02-08', 3, 45),
(9581, '2021-03-21', 2, 49),
(9582, '2019-07-01', 2, 40),
(9583, '2022-02-03', 1, 43),
(9584, '2017-09-21', 3, 6),
(9585, '2016-01-28', 2, 37),
(9586, '2023-10-14', 4, 22),
(9587, '2015-09-20', 3, 40),
(9588, '2021-08-16', 4, 14),
(9589, '2015-03-25', 5, 8),
(9590, '2015-12-14', 5, 30),
(9591, '2022-05-18', 2, 18),
(9592, '2017-04-19', 1, 40),
(9593, '2022-04-22', 5, 6),
(9594, '2015-08-14', 5, 26),
(9595, '2021-06-22', 4, 37),
(9596, '2021-06-05', 1, 41),
(9597, '2018-04-04', 2, 28),
(9598, '2019-06-05', 4, 33),
(9599, '2020-05-26', 4, 2),
(9600, '2016-09-24', 1, 19),
(9601, '2016-07-07', 1, 5),
(9602, '2023-08-28', 4, 39),
(9603, '2023-11-16', 2, 2),
(9604, '2021-08-14', 3, 26),
(9605, '2020-07-15', 3, 10),
(9606, '2021-12-29', 3, 25),
(9607, '2016-07-24', 1, 7),
(9608, '2018-09-24', 3, 6),
(9609, '2017-07-22', 3, 28),
(9610, '2021-04-19', 3, 20),
(9611, '2021-05-05', 5, 17),
(9612, '2019-08-19', 3, 46),
(9613, '2017-11-09', 4, 38),
(9614, '2016-06-04', 4, 41),
(9615, '2016-12-15', 1, 18),
(9616, '2019-01-25', 2, 18),
(9617, '2018-03-11', 3, 5),
(9618, '2020-11-23', 5, 45),
(9619, '2018-05-28', 1, 9),
(9620, '2016-09-25', 4, 32),
(9621, '2017-02-12', 1, 10),
(9622, '2018-05-31', 4, 39),
(9623, '2019-02-06', 5, 17),
(9624, '2018-09-01', 3, 4),
(9625, '2016-03-17', 2, 34),
(9626, '2021-01-20', 3, 31),
(9627, '2018-08-25', 1, 28),
(9628, '2023-10-05', 5, 33),
(9629, '2020-07-04', 1, 2),
(9630, '2021-03-14', 5, 29),
(9631, '2018-01-11', 3, 21),
(9632, '2017-09-29', 2, 5),
(9633, '2016-04-19', 2, 18),
(9634, '2021-06-23', 1, 17),
(9635, '2015-03-29', 2, 47),
(9636, '2021-10-04', 1, 15),
(9637, '2021-10-06', 4, 12),
(9638, '2015-07-09', 2, 43),
(9639, '2016-05-01', 4, 5),
(9640, '2015-10-02', 4, 27),
(9641, '2017-03-25', 4, 44),
(9642, '2022-12-12', 3, 12),
(9643, '2015-07-21', 2, 31),
(9644, '2017-05-10', 4, 35),
(9645, '2018-12-06', 4, 12),
(9646, '2015-05-09', 4, 34),
(9647, '2017-02-12', 4, 30),
(9648, '2020-05-31', 5, 38),
(9649, '2017-05-22', 2, 29),
(9650, '2015-02-28', 4, 45),
(9651, '2021-04-18', 4, 48),
(9652, '2018-04-19', 5, 45),
(9653, '2020-11-03', 5, 34),
(9654, '2023-07-11', 4, 28),
(9655, '2018-10-08', 1, 30),
(9656, '2019-07-04', 2, 6),
(9657, '2021-01-05', 2, 46),
(9658, '2017-09-23', 3, 24),
(9659, '2023-04-02', 4, 27),
(9660, '2018-01-31', 2, 12),
(9661, '2017-11-09', 2, 30),
(9662, '2022-01-09', 1, 8),
(9663, '2018-11-10', 5, 36),
(9664, '2022-10-04', 2, 42),
(9665, '2023-02-22', 3, 13),
(9666, '2023-01-15', 5, 28),
(9667, '2020-01-17', 1, 41),
(9668, '2018-07-01', 5, 24),
(9669, '2020-07-13', 5, 27),
(9670, '2021-01-19', 1, 5),
(9671, '2017-03-24', 4, 29),
(9672, '2017-05-14', 5, 39),
(9673, '2019-03-22', 3, 45),
(9674, '2020-01-10', 2, 22),
(9675, '2021-05-06', 5, 25),
(9676, '2022-01-21', 3, 3),
(9677, '2020-02-06', 4, 17),
(9678, '2019-09-18', 1, 48),
(9679, '2019-01-08', 2, 34),
(9680, '2019-09-17', 4, 21),
(9681, '2022-09-16', 3, 4),
(9682, '2015-08-21', 2, 39),
(9683, '2018-01-02', 2, 25),
(9684, '2017-01-12', 3, 48),
(9685, '2016-10-25', 4, 39),
(9686, '2019-09-13', 2, 31),
(9687, '2018-04-01', 2, 16),
(9688, '2023-11-02', 5, 37),
(9689, '2023-10-12', 4, 35),
(9690, '2020-02-23', 4, 29),
(9691, '2019-05-26', 1, 49),
(9692, '2018-03-20', 3, 26),
(9693, '2021-02-05', 4, 43),
(9694, '2018-11-06', 3, 23),
(9695, '2021-10-15', 4, 34),
(9696, '2018-08-31', 5, 4),
(9697, '2015-11-01', 4, 19),
(9698, '2016-12-12', 2, 22),
(9699, '2021-10-24', 3, 31),
(9700, '2018-06-16', 1, 25),
(9701, '2018-12-19', 4, 49),
(9702, '2015-10-23', 3, 46),
(9703, '2017-02-12', 4, 22),
(9704, '2021-11-24', 5, 45),
(9705, '2021-03-02', 2, 12),
(9706, '2023-11-02', 3, 3),
(9707, '2020-06-21', 3, 15),
(9708, '2016-03-03', 2, 36),
(9709, '2020-06-24', 3, 45),
(9710, '2016-12-10', 1, 49),
(9711, '2016-03-06', 5, 20),
(9712, '2017-01-12', 4, 5),
(9713, '2023-05-11', 4, 41),
(9714, '2021-05-20', 5, 4),
(9715, '2023-08-10', 2, 28),
(9716, '2017-01-20', 1, 3),
(9717, '2018-07-01', 5, 26),
(9718, '2016-11-15', 3, 10),
(9719, '2018-04-29', 4, 30),
(9720, '2020-04-10', 2, 46),
(9721, '2018-10-16', 3, 47),
(9722, '2020-12-26', 1, 47),
(9723, '2015-11-09', 3, 14),
(9724, '2022-01-25', 4, 50),
(9725, '2018-12-17', 1, 3),
(9726, '2018-03-23', 1, 13),
(9727, '2022-08-04', 5, 46),
(9728, '2019-01-13', 5, 25),
(9729, '2023-08-03', 1, 8),
(9730, '2017-03-18', 4, 50),
(9731, '2021-09-06', 4, 5),
(9732, '2016-01-31', 4, 10),
(9733, '2018-04-25', 4, 47),
(9734, '2016-04-15', 1, 1),
(9735, '2016-11-24', 3, 18),
(9736, '2017-11-05', 5, 32),
(9737, '2022-04-04', 3, 30),
(9738, '2017-08-02', 4, 28),
(9739, '2015-07-25', 4, 9),
(9740, '2016-04-21', 1, 33),
(9741, '2023-04-05', 2, 24),
(9742, '2019-06-07', 3, 6),
(9743, '2018-08-17', 4, 34),
(9744, '2019-01-13', 3, 44),
(9745, '2018-06-24', 5, 4),
(9746, '2016-06-26', 2, 31),
(9747, '2016-12-05', 3, 29),
(9748, '2023-04-26', 4, 21),
(9749, '2022-02-22', 3, 13),
(9750, '2016-06-25', 2, 36),
(9751, '2015-09-01', 3, 44),
(9752, '2023-06-10', 4, 28),
(9753, '2021-02-15', 5, 28),
(9754, '2016-08-30', 5, 21),
(9755, '2019-02-09', 5, 41),
(9756, '2018-11-30', 2, 32),
(9757, '2022-12-02', 3, 36),
(9758, '2017-06-14', 5, 46),
(9759, '2016-05-22', 5, 21),
(9760, '2021-04-30', 1, 18),
(9761, '2017-02-22', 3, 43),
(9762, '2018-03-06', 2, 3),
(9763, '2018-05-26', 1, 19),
(9764, '2017-07-20', 4, 38),
(9765, '2018-07-21', 4, 22),
(9766, '2020-08-11', 1, 13),
(9767, '2022-07-07', 3, 30),
(9768, '2020-03-17', 4, 31),
(9769, '2023-12-05', 2, 11),
(9770, '2019-10-05', 2, 38),
(9771, '2021-07-27', 5, 24),
(9772, '2021-12-11', 2, 1),
(9773, '2017-08-23', 2, 16),
(9774, '2021-05-14', 2, 16),
(9775, '2020-11-14', 2, 11),
(9776, '2022-02-02', 4, 45),
(9777, '2015-09-29', 4, 23),
(9778, '2019-09-28', 2, 9),
(9779, '2021-07-18', 3, 17),
(9780, '2016-07-12', 1, 50),
(9781, '2017-12-14', 4, 48),
(9782, '2019-05-20', 4, 15),
(9783, '2022-07-05', 2, 24),
(9784, '2017-08-26', 1, 42),
(9785, '2023-12-01', 3, 6),
(9786, '2016-03-26', 3, 8),
(9787, '2022-04-07', 2, 31),
(9788, '2015-10-06', 1, 32),
(9789, '2018-05-21', 4, 38),
(9790, '2018-04-08', 5, 22),
(9791, '2021-02-12', 1, 13),
(9792, '2016-04-21', 4, 40),
(9793, '2016-11-04', 5, 27),
(9794, '2020-08-24', 4, 37),
(9795, '2018-08-08', 4, 17),
(9796, '2021-10-22', 4, 43),
(9797, '2018-02-20', 2, 50),
(9798, '2021-03-21', 2, 3),
(9799, '2021-10-19', 3, 30),
(9800, '2017-10-26', 4, 35),
(9801, '2021-03-03', 3, 10),
(9802, '2022-04-12', 2, 24),
(9803, '2018-12-09', 1, 16),
(9804, '2020-12-27', 3, 46),
(9805, '2017-02-04', 1, 23),
(9806, '2016-04-23', 1, 43),
(9807, '2018-11-09', 3, 3),
(9808, '2021-10-19', 4, 3),
(9809, '2022-06-25', 4, 1),
(9810, '2017-10-16', 3, 26),
(9811, '2018-02-07', 1, 50),
(9812, '2018-10-26', 2, 14),
(9813, '2020-02-17', 5, 9),
(9814, '2018-06-16', 2, 6),
(9815, '2023-03-05', 1, 11),
(9816, '2015-10-15', 5, 20),
(9817, '2018-03-17', 3, 2),
(9818, '2021-10-29', 2, 11),
(9819, '2023-07-03', 1, 15),
(9820, '2015-05-10', 5, 35),
(9821, '2017-09-09', 4, 40),
(9822, '2017-11-14', 3, 40),
(9823, '2015-07-21', 4, 6),
(9824, '2022-09-17', 2, 14),
(9825, '2019-02-09', 2, 12),
(9826, '2017-01-31', 2, 27),
(9827, '2019-11-29', 3, 19),
(9828, '2023-04-09', 5, 39),
(9829, '2022-04-18', 2, 33),
(9830, '2019-03-01', 3, 9),
(9831, '2019-07-23', 3, 26),
(9832, '2022-03-03', 5, 40),
(9833, '2016-08-13', 2, 3),
(9834, '2020-09-05', 2, 18),
(9835, '2023-09-20', 3, 34),
(9836, '2019-04-17', 1, 20),
(9837, '2021-12-09', 1, 12),
(9838, '2018-09-13', 3, 38),
(9839, '2017-11-28', 2, 20),
(9840, '2015-10-11', 1, 2),
(9841, '2020-03-21', 1, 50),
(9842, '2018-09-21', 3, 13),
(9843, '2020-08-27', 2, 2),
(9844, '2022-05-15', 1, 3),
(9845, '2016-04-02', 3, 3),
(9846, '2020-07-07', 4, 42),
(9847, '2016-09-27', 1, 36),
(9848, '2015-02-02', 1, 11),
(9849, '2023-05-24', 5, 30),
(9850, '2023-09-18', 3, 32),
(9851, '2017-09-15', 5, 38),
(9852, '2023-01-21', 4, 1),
(9853, '2019-08-02', 1, 4),
(9854, '2019-12-22', 1, 30),
(9855, '2017-05-09', 2, 18),
(9856, '2015-02-19', 5, 41),
(9857, '2016-04-08', 1, 1),
(9858, '2016-03-07', 2, 9),
(9859, '2020-08-23', 4, 11),
(9860, '2018-09-12', 1, 8),
(9861, '2020-02-22', 1, 1),
(9862, '2023-07-21', 5, 3),
(9863, '2023-10-09', 1, 17),
(9864, '2017-08-06', 2, 20),
(9865, '2017-02-21', 1, 47),
(9866, '2021-07-06', 5, 42),
(9867, '2015-05-02', 2, 12),
(9868, '2020-12-19', 3, 43),
(9869, '2021-10-22', 4, 27),
(9870, '2018-06-09', 1, 26),
(9871, '2022-11-13', 2, 48),
(9872, '2021-10-22', 4, 14),
(9873, '2021-02-25', 3, 37),
(9874, '2017-09-16', 5, 28),
(9875, '2022-06-29', 5, 43),
(9876, '2021-08-25', 5, 18),
(9877, '2016-03-17', 5, 44),
(9878, '2021-10-04', 3, 22),
(9879, '2015-08-17', 2, 43),
(9880, '2020-12-10', 3, 20),
(9881, '2016-06-09', 3, 7),
(9882, '2020-01-26', 2, 37),
(9883, '2015-01-15', 4, 5),
(9884, '2017-10-12', 3, 17),
(9885, '2017-11-02', 3, 44),
(9886, '2022-07-17', 5, 18),
(9887, '2018-08-09', 1, 28),
(9888, '2020-06-13', 5, 2),
(9889, '2018-06-16', 3, 20),
(9890, '2020-01-02', 5, 42),
(9891, '2021-11-04', 3, 9),
(9892, '2019-05-26', 5, 13),
(9893, '2023-12-11', 4, 39),
(9894, '2020-12-01', 2, 29),
(9895, '2016-09-12', 2, 29),
(9896, '2015-06-14', 4, 13),
(9897, '2023-03-26', 3, 24),
(9898, '2016-10-10', 4, 8),
(9899, '2018-11-27', 1, 1),
(9900, '2018-09-14', 4, 18),
(9901, '2015-04-20', 5, 31),
(9902, '2017-06-18', 1, 31),
(9903, '2021-08-10', 4, 24),
(9904, '2018-11-25', 2, 40),
(9905, '2018-04-28', 2, 19),
(9906, '2018-12-29', 3, 21),
(9907, '2015-09-21', 5, 26),
(9908, '2015-08-15', 4, 22),
(9909, '2015-06-07', 3, 36),
(9910, '2020-06-20', 2, 40),
(9911, '2019-12-29', 3, 15),
(9912, '2023-07-03', 5, 8),
(9913, '2021-06-22', 4, 24),
(9914, '2021-06-12', 4, 19),
(9915, '2017-08-09', 1, 45),
(9916, '2022-12-21', 4, 47),
(9917, '2023-06-16', 1, 15),
(9918, '2017-11-22', 4, 12),
(9919, '2019-11-25', 1, 12),
(9920, '2022-07-21', 3, 45),
(9921, '2015-07-15', 1, 10),
(9922, '2016-10-29', 2, 14),
(9923, '2023-08-02', 1, 8),
(9924, '2018-01-25', 3, 16),
(9925, '2021-07-19', 2, 26),
(9926, '2023-08-22', 5, 50),
(9927, '2017-04-23', 2, 16),
(9928, '2016-08-28', 3, 12),
(9929, '2019-04-18', 1, 23),
(9930, '2018-03-30', 4, 15),
(9931, '2021-01-22', 5, 17),
(9932, '2023-05-29', 5, 23),
(9933, '2016-05-14', 5, 40),
(9934, '2016-06-09', 3, 25),
(9935, '2021-02-14', 1, 36),
(9936, '2017-07-19', 2, 3),
(9937, '2019-07-02', 3, 26),
(9938, '2015-05-17', 2, 17),
(9939, '2023-05-06', 2, 37),
(9940, '2023-05-02', 3, 28),
(9941, '2023-02-19', 5, 26),
(9942, '2019-03-01', 4, 9),
(9943, '2022-08-09', 2, 35),
(9944, '2016-08-11', 3, 47),
(9945, '2016-12-06', 1, 25),
(9946, '2015-12-23', 2, 23),
(9947, '2016-10-23', 2, 28),
(9948, '2015-06-16', 4, 44),
(9949, '2022-11-05', 2, 12),
(9950, '2023-12-25', 4, 31),
(9951, '2022-03-25', 4, 21),
(9952, '2020-08-07', 3, 39),
(9953, '2016-09-13', 3, 44),
(9954, '2018-01-20', 3, 45),
(9955, '2016-03-18', 4, 20),
(9956, '2019-03-28', 5, 30),
(9957, '2016-01-08', 1, 40),
(9958, '2019-09-25', 1, 41),
(9959, '2020-09-09', 5, 4),
(9960, '2023-04-27', 3, 28),
(9961, '2017-04-08', 1, 18),
(9962, '2015-03-09', 1, 9),
(9963, '2020-01-10', 4, 27),
(9964, '2020-04-27', 1, 8),
(9965, '2021-12-16', 3, 27),
(9966, '2015-01-28', 2, 40),
(9967, '2022-11-15', 3, 38),
(9968, '2022-05-23', 2, 2),
(9969, '2015-07-17', 4, 15),
(9970, '2022-08-20', 1, 29),
(9971, '2022-05-28', 1, 27),
(9972, '2017-01-21', 3, 24),
(9973, '2017-06-02', 4, 26),
(9974, '2022-12-13', 2, 37),
(9975, '2016-04-27', 5, 43),
(9976, '2022-11-14', 3, 20),
(9977, '2018-03-05', 2, 45),
(9978, '2021-03-08', 1, 31),
(9979, '2019-04-20', 1, 38),
(9980, '2015-12-19', 3, 21),
(9981, '2022-09-23', 5, 49),
(9982, '2022-02-17', 5, 19),
(9983, '2019-05-06', 2, 40),
(9984, '2018-08-16', 1, 7),
(9985, '2017-10-11', 4, 18),
(9986, '2017-06-23', 4, 30),
(9987, '2019-05-15', 1, 16),
(9988, '2017-06-29', 2, 7),
(9989, '2023-10-07', 2, 13),
(9990, '2020-04-23', 2, 13),
(9991, '2017-01-11', 2, 21),
(9992, '2023-02-13', 5, 44),
(9993, '2018-04-05', 1, 17),
(9994, '2023-04-14', 5, 33),
(9995, '2021-09-13', 3, 3),
(9996, '2015-10-28', 2, 18),
(9997, '2017-05-20', 2, 44),
(9998, '2022-10-02', 1, 39),
(9999, '2023-07-04', 5, 18),
(10000, '2023-05-29', 3, 47),
(10001, '2022-07-16', 3, 27),
(10002, '2018-07-25', 3, 8),
(10003, '2015-01-27', 2, 12),
(10004, '2021-10-26', 5, 24),
(10005, '2021-10-28', 5, 43),
(10006, '2017-08-02', 4, 36),
(10007, '2016-05-22', 3, 17),
(10008, '2016-10-21', 1, 29),
(10009, '2015-02-24', 4, 44),
(10010, '2021-08-04', 5, 10),
(10011, '2017-06-23', 2, 41),
(10012, '2022-10-09', 2, 2),
(10013, '2022-12-05', 1, 2),
(10014, '2023-04-26', 1, 23),
(10015, '2019-02-19', 5, 29),
(10016, '2017-11-14', 3, 19),
(10017, '2015-12-06', 2, 49),
(10018, '2020-05-17', 5, 18),
(10019, '2017-03-25', 3, 36),
(10020, '2023-04-04', 1, 7),
(10021, '2020-12-14', 2, 16),
(10022, '2021-06-17', 2, 18),
(10023, '2020-02-22', 3, 34),
(10024, '2021-10-31', 4, 37),
(10025, '2016-03-29', 2, 11),
(10026, '2019-09-22', 4, 39),
(10027, '2016-06-26', 1, 12),
(10028, '2016-04-08', 4, 21),
(10029, '2016-03-13', 1, 27),
(10030, '2016-07-02', 5, 22),
(10031, '2021-04-16', 4, 44),
(10032, '2017-05-15', 1, 45),
(10033, '2022-06-24', 5, 5),
(10034, '2017-03-09', 2, 15),
(10035, '2023-12-07', 2, 19),
(10036, '2016-12-02', 1, 19),
(10037, '2022-03-22', 3, 5),
(10038, '2016-09-08', 5, 40),
(10039, '2023-11-21', 5, 42),
(10040, '2020-09-27', 5, 15),
(10041, '2016-08-13', 2, 23),
(10042, '2016-07-25', 1, 15),
(10043, '2021-05-26', 3, 37),
(10044, '2020-05-09', 1, 11),
(10045, '2016-10-17', 4, 37),
(10046, '2023-11-11', 3, 29),
(10047, '2023-10-03', 4, 13),
(10048, '2015-02-25', 4, 45),
(10049, '2016-11-30', 4, 12),
(10050, '2018-04-08', 3, 3),
(10051, '2018-09-10', 2, 18),
(10052, '2022-03-03', 5, 37),
(10053, '2020-08-10', 5, 5),
(10054, '2022-02-20', 4, 25),
(10055, '2021-08-25', 4, 12),
(10056, '2015-01-08', 1, 12),
(10057, '2015-06-02', 5, 23),
(10058, '2017-11-30', 1, 3),
(10059, '2017-01-03', 2, 32),
(10060, '2021-05-15', 5, 14),
(10061, '2017-05-22', 2, 32),
(10062, '2020-07-28', 1, 20),
(10063, '2015-03-01', 5, 33),
(10064, '2016-12-27', 4, 33),
(10065, '2019-03-24', 3, 7),
(10066, '2022-09-29', 4, 25),
(10067, '2020-08-07', 1, 14),
(10068, '2020-03-16', 2, 8),
(10069, '2019-09-21', 1, 21),
(10070, '2022-12-12', 4, 48),
(10071, '2022-07-29', 4, 21),
(10072, '2020-01-29', 2, 25),
(10073, '2015-05-08', 1, 29),
(10074, '2018-12-05', 2, 16),
(10075, '2021-10-31', 5, 12),
(10076, '2020-08-31', 4, 25),
(10077, '2023-05-03', 2, 8),
(10078, '2015-06-12', 5, 43),
(10079, '2023-01-02', 5, 20),
(10080, '2021-03-12', 3, 20),
(10081, '2017-05-08', 2, 2),
(10082, '2018-05-03', 1, 17),
(10083, '2016-05-03', 1, 43),
(10084, '2016-08-25', 3, 48),
(10085, '2023-04-29', 5, 18),
(10086, '2021-06-02', 3, 37),
(10087, '2020-06-14', 5, 43),
(10088, '2017-05-12', 3, 6),
(10089, '2021-07-09', 2, 21),
(10090, '2017-07-29', 1, 50),
(10091, '2016-01-28', 3, 7),
(10092, '2019-12-03', 4, 8),
(10093, '2019-07-14', 5, 23),
(10094, '2022-08-19', 4, 46),
(10095, '2015-06-29', 4, 48),
(10096, '2017-10-29', 2, 46),
(10097, '2017-10-15', 3, 45),
(10098, '2020-04-30', 4, 19),
(10099, '2021-06-14', 4, 26),
(10100, '2020-06-20', 3, 49),
(10101, '2021-11-22', 5, 32),
(10102, '2022-03-14', 4, 22),
(10103, '2023-08-02', 1, 15),
(10104, '2018-02-17', 1, 21),
(10105, '2020-08-02', 4, 2),
(10106, '2020-05-13', 2, 49),
(10107, '2023-12-02', 1, 49),
(10108, '2021-02-01', 5, 28),
(10109, '2016-05-18', 4, 24),
(10110, '2023-02-01', 4, 2),
(10111, '2017-11-18', 1, 39),
(10112, '2019-03-31', 2, 31),
(10113, '2022-12-08', 3, 38),
(10114, '2016-03-09', 5, 21),
(10115, '2016-06-25', 2, 11),
(10116, '2017-09-20', 3, 7),
(10117, '2019-03-21', 4, 14),
(10118, '2020-09-27', 5, 29),
(10119, '2021-12-06', 5, 35),
(10120, '2017-03-01', 4, 17),
(10121, '2022-11-04', 5, 12),
(10122, '2017-08-22', 2, 42),
(10123, '2020-12-12', 1, 27),
(10124, '2022-12-23', 4, 23),
(10125, '2021-02-23', 2, 31),
(10126, '2023-08-03', 3, 5),
(10127, '2017-08-11', 3, 32),
(10128, '2017-05-09', 4, 30),
(10129, '2015-11-04', 2, 22),
(10130, '2020-07-03', 2, 44),
(10131, '2019-11-10', 2, 3),
(10132, '2015-03-30', 1, 49),
(10133, '2021-12-10', 3, 12),
(10134, '2021-06-28', 3, 35),
(10135, '2019-01-17', 2, 22),
(10136, '2018-05-25', 4, 38),
(10137, '2017-02-02', 2, 16),
(10138, '2019-06-25', 1, 24),
(10139, '2016-10-28', 3, 3),
(10140, '2016-11-08', 4, 49),
(10141, '2019-05-10', 5, 5),
(10142, '2015-05-19', 3, 23),
(10143, '2019-01-27', 4, 5),
(10144, '2018-06-19', 1, 27),
(10145, '2017-07-03', 4, 20),
(10146, '2016-09-18', 3, 46),
(10147, '2015-04-16', 5, 29),
(10148, '2021-07-03', 4, 18),
(10149, '2022-04-15', 2, 28),
(10150, '2021-01-07', 4, 15),
(10151, '2016-06-10', 1, 42),
(10152, '2022-01-14', 3, 39),
(10153, '2015-12-23', 1, 47),
(10154, '2022-08-14', 1, 13),
(10155, '2016-08-29', 2, 42),
(10156, '2019-01-19', 2, 43),
(10157, '2017-04-30', 2, 34),
(10158, '2020-11-24', 2, 8),
(10159, '2019-10-07', 4, 44),
(10160, '2018-03-14', 5, 42),
(10161, '2021-05-21', 5, 37),
(10162, '2022-03-19', 3, 5),
(10163, '2016-08-19', 3, 7),
(10164, '2021-11-28', 2, 20),
(10165, '2018-01-07', 5, 1),
(10166, '2020-02-12', 4, 12),
(10167, '2017-05-05', 3, 6),
(10168, '2016-04-15', 5, 49),
(10169, '2021-08-20', 3, 50),
(10170, '2018-09-19', 2, 45),
(10171, '2019-10-23', 5, 44),
(10172, '2016-02-23', 1, 44),
(10173, '2017-04-28', 5, 50),
(10174, '2020-02-02', 2, 7),
(10175, '2022-04-10', 1, 12),
(10176, '2017-05-02', 5, 4),
(10177, '2019-05-07', 1, 45),
(10178, '2019-11-17', 4, 39),
(10179, '2018-05-09', 4, 27),
(10180, '2019-01-16', 3, 33),
(10181, '2022-10-02', 1, 28),
(10182, '2020-10-11', 1, 25),
(10183, '2023-01-27', 5, 3),
(10184, '2017-10-28', 5, 8),
(10185, '2016-05-10', 4, 5),
(10186, '2019-06-25', 5, 32),
(10187, '2019-08-26', 5, 39),
(10188, '2023-12-09', 5, 36),
(10189, '2018-04-20', 1, 21),
(10190, '2017-11-23', 3, 46),
(10191, '2023-10-07', 1, 43),
(10192, '2019-01-25', 1, 37),
(10193, '2020-12-20', 1, 20),
(10194, '2019-01-09', 5, 21),
(10195, '2022-11-24', 5, 16),
(10196, '2022-02-18', 4, 16),
(10197, '2015-04-09', 4, 27),
(10198, '2017-01-15', 5, 46),
(10199, '2021-06-07', 2, 25),
(10200, '2016-01-13', 1, 31),
(10201, '2017-07-08', 5, 37),
(10202, '2021-03-05', 5, 30),
(10203, '2016-09-19', 2, 7),
(10204, '2021-06-21', 2, 22),
(10205, '2021-06-06', 3, 31),
(10206, '2019-02-02', 4, 12),
(10207, '2022-12-15', 3, 21),
(10208, '2016-09-23', 5, 2),
(10209, '2023-06-13', 4, 11),
(10210, '2016-06-16', 3, 23),
(10211, '2016-03-23', 3, 15),
(10212, '2018-05-05', 1, 39),
(10213, '2018-02-17', 2, 36),
(10214, '2016-06-17', 3, 41),
(10215, '2016-04-28', 2, 21),
(10216, '2022-05-22', 2, 18),
(10217, '2021-05-29', 3, 11),
(10218, '2018-10-08', 2, 49),
(10219, '2015-07-31', 3, 27),
(10220, '2017-10-19', 4, 10),
(10221, '2017-01-13', 5, 2),
(10222, '2019-09-26', 5, 35),
(10223, '2020-09-15', 3, 44),
(10224, '2019-02-07', 3, 37),
(10225, '2018-11-05', 3, 49),
(10226, '2021-11-29', 5, 29),
(10227, '2017-06-16', 4, 34),
(10228, '2017-01-07', 3, 25),
(10229, '2022-01-13', 3, 27),
(10230, '2015-07-01', 5, 3),
(10231, '2019-08-13', 4, 48),
(10232, '2015-02-23', 3, 43),
(10233, '2023-01-01', 2, 38),
(10234, '2017-04-05', 5, 49),
(10235, '2018-10-06', 4, 48),
(10236, '2019-12-25', 1, 22),
(10237, '2017-03-13', 2, 40),
(10238, '2017-11-01', 1, 48),
(10239, '2017-09-21', 1, 39),
(10240, '2017-12-17', 5, 17),
(10241, '2020-02-06', 1, 19),
(10242, '2021-03-14', 1, 27),
(10243, '2021-05-09', 4, 42),
(10244, '2020-09-27', 3, 24),
(10245, '2017-05-30', 2, 6),
(10246, '2023-05-06', 4, 13),
(10247, '2015-03-19', 1, 47),
(10248, '2020-10-03', 1, 21),
(10249, '2018-01-08', 5, 32),
(10250, '2018-07-16', 1, 50),
(10251, '2022-03-31', 4, 36),
(10252, '2023-09-02', 5, 49),
(10253, '2022-01-16', 4, 3),
(10254, '2015-04-17', 2, 40),
(10255, '2019-01-24', 2, 14),
(10256, '2017-08-25', 1, 40),
(10257, '2022-12-25', 1, 36),
(10258, '2021-12-15', 4, 22),
(10259, '2016-05-02', 1, 49),
(10260, '2021-01-31', 5, 31),
(10261, '2021-01-05', 2, 45),
(10262, '2018-08-16', 3, 35),
(10263, '2021-05-16', 4, 8),
(10264, '2016-08-17', 3, 8),
(10265, '2020-04-03', 1, 1),
(10266, '2017-07-27', 2, 33),
(10267, '2018-09-01', 5, 39),
(10268, '2019-10-16', 4, 15),
(10269, '2020-11-26', 1, 10),
(10270, '2018-06-09', 3, 29),
(10271, '2015-04-10', 2, 39),
(10272, '2022-11-28', 5, 13),
(10273, '2023-10-10', 5, 41),
(10274, '2022-07-27', 3, 41),
(10275, '2020-03-20', 1, 20),
(10276, '2018-07-08', 5, 30),
(10277, '2022-07-31', 5, 15),
(10278, '2021-03-03', 4, 43),
(10279, '2017-12-25', 5, 35),
(10280, '2015-11-15', 3, 39),
(10281, '2015-07-03', 2, 5),
(10282, '2015-01-19', 5, 36),
(10283, '2017-01-25', 3, 32),
(10284, '2016-05-03', 5, 7),
(10285, '2019-04-11', 2, 3),
(10286, '2022-08-24', 2, 21),
(10287, '2015-10-03', 3, 31),
(10288, '2015-02-16', 5, 46),
(10289, '2017-06-16', 1, 29),
(10290, '2017-03-11', 4, 31),
(10291, '2017-05-07', 4, 49),
(10292, '2021-11-20', 2, 24),
(10293, '2020-05-25', 5, 29),
(10294, '2023-08-12', 5, 6),
(10295, '2022-03-26', 4, 34),
(10296, '2021-02-24', 5, 20),
(10297, '2016-03-22', 4, 39),
(10298, '2020-08-12', 2, 26),
(10299, '2018-04-08', 2, 6),
(10300, '2018-06-04', 2, 34),
(10301, '2021-04-21', 5, 9),
(10302, '2017-03-29', 1, 28),
(10303, '2020-10-10', 4, 16),
(10304, '2017-05-16', 3, 44),
(10305, '2020-01-30', 2, 46),
(10306, '2020-08-02', 1, 44),
(10307, '2020-07-26', 2, 50),
(10308, '2017-09-20', 5, 27),
(10309, '2022-11-06', 4, 6),
(10310, '2018-07-28', 3, 44),
(10311, '2023-06-02', 2, 7),
(10312, '2021-01-08', 3, 10),
(10313, '2017-06-20', 3, 46),
(10314, '2021-05-09', 3, 50),
(10315, '2016-06-12', 3, 13),
(10316, '2018-09-07', 2, 10),
(10317, '2018-05-14', 3, 4),
(10318, '2021-10-04', 2, 43),
(10319, '2022-12-06', 3, 22),
(10320, '2023-11-06', 4, 35),
(10321, '2023-05-27', 2, 2),
(10322, '2016-02-19', 4, 6),
(10323, '2015-11-27', 2, 10),
(10324, '2022-11-24', 1, 25),
(10325, '2023-08-17', 1, 5),
(10326, '2017-12-09', 5, 48),
(10327, '2015-10-01', 3, 12),
(10328, '2020-10-16', 4, 43),
(10329, '2022-04-11', 5, 11),
(10330, '2023-06-04', 5, 3),
(10331, '2023-10-02', 5, 34),
(10332, '2022-05-12', 3, 45),
(10333, '2020-03-02', 3, 15),
(10334, '2015-07-18', 3, 7),
(10335, '2018-11-26', 1, 43),
(10336, '2023-06-11', 4, 8),
(10337, '2018-11-11', 3, 9),
(10338, '2023-12-01', 5, 41),
(10339, '2021-08-07', 3, 35),
(10340, '2018-07-15', 3, 38),
(10341, '2019-02-07', 5, 44),
(10342, '2022-06-05', 2, 12),
(10343, '2018-10-10', 4, 4),
(10344, '2023-04-10', 5, 28),
(10345, '2019-05-11', 3, 24),
(10346, '2021-12-23', 3, 18),
(10347, '2022-05-16', 1, 18),
(10348, '2022-07-14', 1, 21),
(10349, '2020-12-07', 4, 37),
(10350, '2021-07-09', 5, 17),
(10351, '2022-02-11', 3, 37),
(10352, '2023-12-05', 1, 44),
(10353, '2020-09-16', 4, 31),
(10354, '2020-07-03', 5, 13),
(10355, '2020-12-12', 4, 35),
(10356, '2019-07-09', 1, 29),
(10357, '2022-03-08', 5, 23),
(10358, '2022-03-25', 3, 26),
(10359, '2018-05-25', 2, 36),
(10360, '2017-02-01', 2, 29),
(10361, '2020-02-07', 1, 31),
(10362, '2020-08-17', 4, 21),
(10363, '2021-05-05', 2, 49),
(10364, '2016-12-08', 1, 27),
(10365, '2017-11-17', 4, 24),
(10366, '2023-05-29', 4, 17),
(10367, '2015-07-28', 3, 50),
(10368, '2023-02-24', 2, 30),
(10369, '2023-07-07', 4, 23),
(10370, '2020-01-16', 4, 6),
(10371, '2016-11-21', 5, 47),
(10372, '2023-10-12', 4, 11),
(10373, '2019-02-26', 1, 48),
(10374, '2016-01-16', 2, 25),
(10375, '2015-05-21', 1, 40),
(10376, '2017-12-19', 1, 24),
(10377, '2020-01-22', 3, 40),
(10378, '2017-10-15', 1, 1),
(10379, '2015-08-23', 1, 49),
(10380, '2016-08-27', 3, 13),
(10381, '2017-02-11', 2, 34),
(10382, '2020-05-21', 5, 8),
(10383, '2015-01-18', 3, 46),
(10384, '2020-10-20', 3, 41),
(10385, '2015-10-13', 5, 27),
(10386, '2017-01-08', 5, 23),
(10387, '2022-03-01', 5, 39),
(10388, '2021-03-22', 5, 1),
(10389, '2019-08-25', 4, 33),
(10390, '2023-01-04', 1, 42),
(10391, '2015-12-08', 3, 31),
(10392, '2020-11-03', 1, 45),
(10393, '2021-09-14', 3, 4),
(10394, '2020-06-25', 3, 9),
(10395, '2017-12-28', 5, 40),
(10396, '2015-08-03', 4, 38),
(10397, '2021-12-26', 1, 37),
(10398, '2019-08-31', 2, 50),
(10399, '2015-06-11', 3, 14),
(10400, '2018-08-08', 2, 7),
(10401, '2015-08-31', 3, 39),
(10402, '2016-09-22', 1, 21),
(10403, '2015-07-26', 3, 9),
(10404, '2018-08-20', 2, 24),
(10405, '2021-02-27', 4, 26),
(10406, '2022-12-30', 4, 12),
(10407, '2022-11-02', 5, 13),
(10408, '2019-02-13', 1, 36),
(10409, '2022-08-08', 3, 47),
(10410, '2017-12-02', 5, 45),
(10411, '2017-12-17', 3, 29),
(10412, '2015-01-20', 4, 47),
(10413, '2018-10-30', 1, 23),
(10414, '2019-06-30', 5, 49),
(10415, '2023-06-18', 5, 20),
(10416, '2015-08-29', 4, 12),
(10417, '2015-01-09', 1, 37),
(10418, '2023-07-20', 4, 17),
(10419, '2018-08-18', 4, 37),
(10420, '2017-06-15', 3, 1),
(10421, '2022-04-02', 5, 50),
(10422, '2015-03-13', 2, 32),
(10423, '2017-01-24', 5, 22),
(10424, '2018-03-02', 1, 45),
(10425, '2015-03-30', 2, 29),
(10426, '2022-11-17', 1, 34),
(10427, '2019-04-09', 5, 26),
(10428, '2017-03-05', 2, 15),
(10429, '2017-01-13', 3, 28),
(10430, '2017-04-26', 5, 9),
(10431, '2023-06-22', 3, 17),
(10432, '2023-01-26', 1, 16),
(10433, '2022-07-09', 5, 44),
(10434, '2022-07-13', 4, 20),
(10435, '2023-09-04', 5, 23),
(10436, '2015-05-14', 3, 34),
(10437, '2019-01-27', 2, 48),
(10438, '2023-09-17', 3, 46),
(10439, '2023-04-20', 5, 28),
(10440, '2021-06-14', 1, 20),
(10441, '2017-06-01', 3, 11),
(10442, '2015-04-01', 1, 7),
(10443, '2017-03-12', 5, 40),
(10444, '2020-12-10', 1, 18),
(10445, '2021-02-22', 5, 26),
(10446, '2016-06-12', 5, 30),
(10447, '2019-07-30', 3, 4),
(10448, '2021-10-07', 1, 46),
(10449, '2018-04-10', 3, 32),
(10450, '2023-03-06', 5, 39),
(10451, '2015-03-15', 5, 6),
(10452, '2020-02-18', 1, 49),
(10453, '2019-01-08', 2, 15),
(10454, '2021-02-16', 5, 29),
(10455, '2021-12-01', 4, 33),
(10456, '2016-09-15', 3, 50),
(10457, '2018-04-28', 4, 27),
(10458, '2015-12-11', 2, 28),
(10459, '2018-11-16', 1, 34),
(10460, '2021-04-14', 5, 20),
(10461, '2023-09-29', 2, 43),
(10462, '2023-12-10', 1, 9),
(10463, '2019-10-24', 5, 40),
(10464, '2023-09-18', 3, 42),
(10465, '2018-12-12', 2, 50),
(10466, '2017-04-04', 5, 26),
(10467, '2016-06-13', 5, 5),
(10468, '2016-08-20', 3, 3),
(10469, '2017-07-22', 1, 22),
(10470, '2016-04-07', 1, 11),
(10471, '2023-08-07', 5, 2),
(10472, '2020-01-15', 4, 33),
(10473, '2017-12-12', 1, 20),
(10474, '2018-05-31', 4, 13),
(10475, '2018-04-20', 2, 18),
(10476, '2016-04-29', 4, 50),
(10477, '2023-01-08', 3, 9),
(10478, '2015-08-20', 5, 46),
(10479, '2019-03-03', 3, 29),
(10480, '2019-02-02', 2, 44),
(10481, '2019-06-18', 3, 8),
(10482, '2019-04-19', 3, 18),
(10483, '2016-03-26', 1, 6),
(10484, '2023-01-03', 3, 20),
(10485, '2021-05-18', 4, 4),
(10486, '2022-10-11', 2, 9),
(10487, '2020-10-25', 5, 9),
(10488, '2017-06-24', 2, 50),
(10489, '2019-12-20', 5, 29),
(10490, '2020-05-21', 3, 14),
(10491, '2022-09-21', 4, 42),
(10492, '2018-11-24', 5, 37),
(10493, '2017-06-18', 2, 4),
(10494, '2022-05-07', 3, 39),
(10495, '2018-07-27', 1, 36),
(10496, '2015-05-26', 4, 49),
(10497, '2016-08-11', 4, 20),
(10498, '2016-05-04', 3, 49),
(10499, '2015-02-01', 2, 34),
(10500, '2020-04-19', 5, 1),
(10501, '2021-11-19', 1, 46),
(10502, '2015-01-11', 1, 40),
(10503, '2020-10-07', 4, 48),
(10504, '2022-01-26', 1, 1),
(10505, '2021-01-08', 3, 16),
(10506, '2022-12-04', 2, 5),
(10507, '2021-03-12', 1, 14),
(10508, '2020-11-15', 1, 41),
(10509, '2020-12-04', 1, 26),
(10510, '2021-06-03', 4, 17),
(10511, '2020-10-28', 1, 4),
(10512, '2022-12-23', 2, 24),
(10513, '2017-10-19', 3, 10),
(10514, '2020-09-29', 5, 49),
(10515, '2015-06-26', 4, 48),
(10516, '2021-11-30', 2, 7),
(10517, '2017-03-26', 4, 47),
(10518, '2022-07-27', 3, 11),
(10519, '2020-08-09', 3, 40),
(10520, '2017-05-08', 3, 47),
(10521, '2019-06-02', 4, 40),
(10522, '2022-06-15', 3, 28),
(10523, '2016-03-24', 4, 24),
(10524, '2023-01-11', 5, 1),
(10525, '2018-08-30', 3, 15),
(10526, '2017-11-26', 1, 13),
(10527, '2022-01-17', 3, 41),
(10528, '2017-10-13', 5, 1),
(10529, '2018-01-17', 4, 50),
(10530, '2020-11-22', 4, 46),
(10531, '2019-01-24', 3, 9),
(10532, '2023-12-08', 3, 36),
(10533, '2021-12-21', 4, 46),
(10534, '2020-05-04', 4, 9),
(10535, '2018-10-26', 5, 46),
(10536, '2018-07-15', 4, 32),
(10537, '2016-08-10', 4, 8),
(10538, '2019-11-16', 3, 26),
(10539, '2022-11-08', 2, 49),
(10540, '2021-03-13', 2, 28),
(10541, '2016-06-14', 2, 35),
(10542, '2022-01-22', 1, 6),
(10543, '2019-01-13', 2, 17),
(10544, '2023-08-19', 2, 34),
(10545, '2015-06-22', 1, 29),
(10546, '2020-03-25', 2, 17),
(10547, '2020-05-29', 1, 37),
(10548, '2023-01-13', 3, 27),
(10549, '2015-11-30', 4, 20),
(10550, '2023-03-10', 3, 16),
(10551, '2016-01-03', 5, 32),
(10552, '2016-09-17', 4, 29),
(10553, '2021-06-22', 3, 20),
(10554, '2022-04-08', 2, 10),
(10555, '2022-07-27', 4, 10),
(10556, '2021-04-07', 1, 43),
(10557, '2021-01-20', 5, 31),
(10558, '2023-09-14', 1, 14),
(10559, '2016-12-08', 4, 9),
(10560, '2022-10-24', 1, 3),
(10561, '2023-09-12', 1, 35),
(10562, '2021-05-06', 2, 38),
(10563, '2018-08-25', 3, 10),
(10564, '2022-08-22', 3, 32),
(10565, '2016-10-01', 4, 9),
(10566, '2022-12-16', 1, 1),
(10567, '2022-10-13', 2, 11),
(10568, '2015-04-07', 5, 32),
(10569, '2019-04-21', 2, 45),
(10570, '2015-11-12', 4, 28),
(10571, '2017-10-25', 4, 19),
(10572, '2018-09-06', 4, 18),
(10573, '2015-09-06', 2, 18),
(10574, '2019-03-18', 3, 2),
(10575, '2019-11-27', 4, 17),
(10576, '2018-05-28', 5, 33),
(10577, '2016-02-26', 1, 23),
(10578, '2015-08-14', 4, 40),
(10579, '2020-08-20', 1, 1),
(10580, '2017-04-07', 1, 36),
(10581, '2019-10-05', 1, 44),
(10582, '2015-04-27', 1, 6),
(10583, '2019-10-03', 2, 20),
(10584, '2019-07-27', 1, 45),
(10585, '2021-12-29', 2, 39),
(10586, '2017-12-06', 3, 5),
(10587, '2023-03-11', 3, 48),
(10588, '2019-10-09', 4, 36),
(10589, '2021-08-09', 4, 10),
(10590, '2018-03-15', 1, 17),
(10591, '2015-06-15', 5, 4),
(10592, '2017-06-12', 3, 43),
(10593, '2023-06-04', 2, 20),
(10594, '2016-07-19', 4, 36),
(10595, '2018-08-25', 2, 12),
(10596, '2018-06-11', 5, 19),
(10597, '2021-08-01', 2, 25),
(10598, '2016-11-21', 3, 24),
(10599, '2023-10-21', 3, 39),
(10600, '2016-12-17', 1, 8),
(10601, '2016-09-05', 4, 44),
(10602, '2018-02-27', 3, 24),
(10603, '2017-10-13', 4, 31),
(10604, '2019-11-20', 1, 3),
(10605, '2022-01-25', 3, 8),
(10606, '2021-01-15', 1, 38),
(10607, '2023-09-29', 4, 28),
(10608, '2020-04-01', 3, 15),
(10609, '2015-06-04', 5, 17),
(10610, '2020-11-15', 4, 49),
(10611, '2016-11-05', 3, 14),
(10612, '2022-05-31', 2, 20),
(10613, '2020-06-05', 1, 23),
(10614, '2023-08-07', 1, 44),
(10615, '2018-03-06', 3, 45),
(10616, '2018-07-17', 1, 48),
(10617, '2021-10-06', 4, 48),
(10618, '2018-10-01', 4, 28),
(10619, '2019-04-14', 5, 29),
(10620, '2019-05-26', 4, 6),
(10621, '2021-09-22', 2, 43),
(10622, '2021-05-11', 3, 18),
(10623, '2016-03-20', 2, 43),
(10624, '2023-04-15', 4, 1),
(10625, '2022-09-25', 3, 27),
(10626, '2015-09-17', 2, 31),
(10627, '2021-10-24', 3, 9),
(10628, '2021-11-05', 2, 25),
(10629, '2023-01-12', 4, 48),
(10630, '2018-06-18', 1, 9),
(10631, '2019-02-04', 5, 5),
(10632, '2018-09-17', 1, 37),
(10633, '2023-03-08', 5, 23),
(10634, '2023-12-16', 3, 31),
(10635, '2021-03-22', 1, 32),
(10636, '2015-08-25', 2, 30),
(10637, '2022-09-20', 2, 44),
(10638, '2019-09-23', 2, 47),
(10639, '2020-03-07', 3, 44),
(10640, '2021-12-03', 4, 9),
(10641, '2018-04-25', 5, 42),
(10642, '2018-10-03', 1, 1),
(10643, '2022-02-12', 2, 36),
(10644, '2022-02-24', 3, 26),
(10645, '2019-10-12', 4, 29),
(10646, '2016-04-18', 5, 42),
(10647, '2017-03-12', 3, 28),
(10648, '2019-07-24', 2, 31),
(10649, '2020-09-29', 2, 26),
(10650, '2020-08-26', 4, 44),
(10651, '2021-11-01', 3, 19),
(10652, '2017-05-12', 1, 12),
(10653, '2015-01-19', 2, 43),
(10654, '2020-10-17', 2, 30),
(10655, '2015-08-11', 4, 12),
(10656, '2019-08-24', 3, 4),
(10657, '2015-03-28', 5, 47),
(10658, '2023-09-26', 3, 24),
(10659, '2023-02-03', 3, 31),
(10660, '2016-08-23', 3, 11),
(10661, '2018-07-23', 5, 1),
(10662, '2022-08-15', 2, 30),
(10663, '2021-01-07', 5, 27),
(10664, '2016-01-06', 1, 45),
(10665, '2018-04-02', 3, 23),
(10666, '2019-07-16', 4, 24),
(10667, '2015-08-22', 3, 27),
(10668, '2019-06-04', 4, 18),
(10669, '2018-02-18', 5, 12),
(10670, '2020-12-20', 1, 41),
(10671, '2019-10-14', 1, 46),
(10672, '2015-08-01', 5, 42),
(10673, '2020-11-29', 3, 22),
(10674, '2018-09-04', 2, 32),
(10675, '2015-09-10', 3, 11),
(10676, '2020-04-23', 4, 26),
(10677, '2016-01-16', 3, 20),
(10678, '2023-07-24', 3, 36),
(10679, '2015-04-06', 5, 5),
(10680, '2018-10-11', 3, 26),
(10681, '2019-10-12', 5, 11),
(10682, '2019-11-21', 4, 34),
(10683, '2022-05-19', 1, 36),
(10684, '2015-11-12', 3, 47),
(10685, '2021-09-04', 2, 29),
(10686, '2019-12-27', 4, 14),
(10687, '2023-05-16', 4, 13),
(10688, '2022-11-30', 2, 50),
(10689, '2018-11-22', 2, 20),
(10690, '2023-03-29', 5, 41),
(10691, '2022-09-26', 1, 18),
(10692, '2021-11-11', 1, 2),
(10693, '2021-03-21', 2, 7),
(10694, '2015-08-20', 2, 17),
(10695, '2021-09-13', 5, 9),
(10696, '2019-03-30', 5, 21),
(10697, '2021-05-02', 4, 41),
(10698, '2019-07-09', 4, 3),
(10699, '2019-02-28', 1, 9),
(10700, '2021-12-27', 2, 43),
(10701, '2015-07-04', 2, 18),
(10702, '2015-05-07', 3, 16),
(10703, '2018-01-31', 5, 33),
(10704, '2017-12-08', 5, 32),
(10705, '2019-05-17', 5, 33),
(10706, '2021-01-05', 2, 15),
(10707, '2023-07-03', 2, 45),
(10708, '2022-12-04', 4, 34),
(10709, '2021-03-18', 2, 39),
(10710, '2016-09-12', 3, 5),
(10711, '2020-04-21', 1, 11),
(10712, '2015-04-01', 4, 12),
(10713, '2019-08-05', 3, 33),
(10714, '2022-03-07', 1, 40),
(10715, '2016-05-02', 4, 23),
(10716, '2020-10-05', 5, 22),
(10717, '2022-10-12', 5, 44),
(10718, '2016-08-28', 2, 44),
(10719, '2022-08-06', 4, 1),
(10720, '2020-01-16', 1, 3),
(10721, '2020-03-19', 2, 26),
(10722, '2019-07-04', 1, 14),
(10723, '2018-03-14', 2, 30),
(10724, '2017-03-06', 4, 1),
(10725, '2015-09-09', 2, 29),
(10726, '2022-01-03', 2, 27),
(10727, '2016-01-04', 5, 32),
(10728, '2017-06-09', 3, 48),
(10729, '2015-03-28', 1, 48),
(10730, '2019-09-18', 1, 24),
(10731, '2019-10-18', 4, 41),
(10732, '2017-04-08', 4, 47),
(10733, '2015-11-08', 1, 11),
(10734, '2017-08-21', 1, 30),
(10735, '2022-06-11', 2, 43),
(10736, '2015-08-14', 2, 42),
(10737, '2019-01-11', 4, 17),
(10738, '2020-07-14', 5, 12),
(10739, '2021-05-05', 4, 46),
(10740, '2022-06-21', 1, 3),
(10741, '2020-03-04', 5, 3),
(10742, '2017-01-30', 5, 35),
(10743, '2022-12-04', 1, 42),
(10744, '2021-01-04', 1, 3),
(10745, '2016-07-23', 3, 22),
(10746, '2018-04-18', 3, 8),
(10747, '2021-01-02', 2, 22),
(10748, '2016-06-14', 2, 22),
(10749, '2016-01-26', 5, 1),
(10750, '2023-07-01', 5, 23),
(10751, '2015-09-09', 4, 48),
(10752, '2021-06-08', 1, 29),
(10753, '2015-07-14', 3, 45),
(10754, '2021-10-29', 3, 43),
(10755, '2017-08-27', 5, 25),
(10756, '2018-08-19', 1, 5),
(10757, '2015-08-24', 1, 19),
(10758, '2015-01-10', 4, 49),
(10759, '2016-11-06', 5, 2),
(10760, '2015-06-12', 1, 48),
(10761, '2015-12-19', 3, 27),
(10762, '2015-01-06', 5, 19),
(10763, '2019-07-12', 2, 19),
(10764, '2022-07-27', 2, 19),
(10765, '2020-06-12', 4, 15),
(10766, '2022-02-02', 4, 9),
(10767, '2022-07-24', 4, 45),
(10768, '2016-07-08', 4, 6),
(10769, '2016-05-18', 1, 34),
(10770, '2017-07-03', 4, 34),
(10771, '2017-12-18', 1, 42),
(10772, '2018-03-01', 4, 31),
(10773, '2020-06-24', 3, 46),
(10774, '2022-03-28', 2, 21),
(10775, '2019-05-24', 5, 14),
(10776, '2017-01-31', 5, 17),
(10777, '2015-07-20', 3, 6),
(10778, '2021-12-11', 4, 8),
(10779, '2015-01-30', 4, 47),
(10780, '2019-11-03', 2, 20),
(10781, '2017-12-22', 5, 4),
(10782, '2019-08-03', 2, 24),
(10783, '2019-03-20', 5, 33),
(10784, '2018-11-20', 3, 50),
(10785, '2022-01-04', 3, 31),
(10786, '2022-03-05', 4, 47),
(10787, '2022-06-26', 1, 24),
(10788, '2021-10-06', 3, 4),
(10789, '2020-03-06', 4, 8),
(10790, '2019-05-09', 2, 26),
(10791, '2015-06-13', 1, 23),
(10792, '2018-03-15', 3, 50),
(10793, '2020-02-26', 5, 20),
(10794, '2021-12-05', 1, 36),
(10795, '2015-06-27', 5, 11),
(10796, '2015-10-29', 3, 3),
(10797, '2018-10-01', 1, 9),
(10798, '2020-12-03', 3, 19),
(10799, '2015-04-11', 3, 36),
(10800, '2016-08-19', 2, 6),
(10801, '2015-02-06', 2, 6),
(10802, '2019-08-01', 2, 24),
(10803, '2020-10-07', 2, 22),
(10804, '2017-02-05', 5, 35),
(10805, '2023-03-10', 3, 31),
(10806, '2019-11-10', 4, 6),
(10807, '2019-05-26', 2, 20),
(10808, '2022-11-06', 4, 37),
(10809, '2019-09-17', 3, 19),
(10810, '2017-10-02', 3, 12),
(10811, '2015-06-03', 4, 24),
(10812, '2018-06-28', 1, 18),
(10813, '2022-01-10', 5, 25),
(10814, '2022-01-18', 2, 6),
(10815, '2016-07-17', 5, 5),
(10816, '2021-12-25', 3, 2),
(10817, '2023-06-25', 3, 41),
(10818, '2022-05-18', 5, 23),
(10819, '2020-06-29', 4, 1),
(10820, '2022-06-16', 5, 41),
(10821, '2017-12-31', 3, 12),
(10822, '2022-02-23', 3, 49),
(10823, '2019-09-29', 1, 1),
(10824, '2020-02-28', 5, 38),
(10825, '2016-12-20', 5, 39),
(10826, '2017-04-07', 5, 16),
(10827, '2016-07-26', 3, 35),
(10828, '2019-03-12', 2, 43),
(10829, '2020-05-05', 4, 6),
(10830, '2022-06-11', 3, 18),
(10831, '2020-10-16', 2, 42);
INSERT INTO `objednavka` (`objednavka_id`, `objednavka_datum`, `platba_platba_id`, `uzivatel_uzivatel_id`) VALUES
(10832, '2023-04-03', 1, 2),
(10833, '2017-05-25', 4, 34),
(10834, '2020-12-08', 2, 40),
(10835, '2019-09-02', 1, 21),
(10836, '2018-10-16', 3, 34),
(10837, '2015-07-21', 4, 21),
(10838, '2021-10-11', 3, 33),
(10839, '2021-05-14', 2, 7),
(10840, '2020-06-11', 1, 19),
(10841, '2016-06-30', 3, 10),
(10842, '2020-08-24', 5, 50),
(10843, '2016-06-12', 4, 37),
(10844, '2016-09-30', 2, 21),
(10845, '2021-08-02', 1, 5),
(10846, '2023-08-07', 1, 23),
(10847, '2019-01-29', 1, 24),
(10848, '2020-12-14', 3, 7),
(10849, '2021-10-01', 4, 50),
(10850, '2021-12-09', 2, 47),
(10851, '2021-06-17', 1, 24),
(10852, '2018-09-24', 5, 24),
(10853, '2022-02-14', 4, 35),
(10854, '2015-09-21', 3, 18),
(10855, '2022-07-02', 1, 3),
(10856, '2017-02-12', 2, 42),
(10857, '2020-10-19', 5, 12),
(10858, '2017-11-22', 5, 42),
(10859, '2019-10-23', 2, 33),
(10860, '2021-11-07', 2, 27),
(10861, '2020-09-16', 4, 42),
(10862, '2015-12-31', 2, 40),
(10863, '2018-07-18', 5, 27),
(10864, '2019-01-24', 5, 35),
(10865, '2020-02-20', 2, 29),
(10866, '2016-07-23', 5, 3),
(10867, '2017-03-25', 4, 41),
(10868, '2020-10-12', 3, 27),
(10869, '2019-09-04', 1, 28),
(10870, '2020-11-08', 3, 37),
(10871, '2020-04-01', 2, 21),
(10872, '2017-10-05', 1, 8),
(10873, '2021-12-16', 4, 11),
(10874, '2020-08-27', 2, 41),
(10875, '2017-01-02', 2, 1),
(10876, '2021-05-29', 3, 9),
(10877, '2021-06-25', 3, 39),
(10878, '2023-07-09', 3, 23),
(10879, '2019-08-10', 5, 46),
(10880, '2019-07-31', 2, 7),
(10881, '2023-03-16', 3, 37),
(10882, '2021-06-02', 5, 13),
(10883, '2019-12-14', 4, 50),
(10884, '2018-02-16', 5, 6),
(10885, '2016-12-23', 5, 11),
(10886, '2016-09-06', 2, 17),
(10887, '2020-10-31', 3, 25),
(10888, '2018-03-20', 3, 32),
(10889, '2016-11-02', 3, 5),
(10890, '2023-03-18', 1, 15),
(10891, '2021-07-25', 1, 1),
(10892, '2020-02-28', 5, 9),
(10893, '2015-01-23', 1, 10),
(10894, '2021-09-23', 4, 6),
(10895, '2020-02-26', 4, 47),
(10896, '2016-03-16', 1, 32),
(10897, '2016-03-09', 3, 36),
(10898, '2017-05-01', 2, 24),
(10899, '2023-09-25', 1, 13),
(10900, '2018-09-03', 1, 5),
(10901, '2023-03-05', 2, 20),
(10902, '2017-02-20', 1, 35),
(10903, '2016-09-22', 5, 34),
(10904, '2018-08-17', 1, 44),
(10905, '2020-01-29', 3, 47),
(10906, '2019-02-04', 1, 22),
(10907, '2015-01-06', 3, 1),
(10908, '2016-02-26', 1, 20),
(10909, '2019-12-08', 1, 10),
(10910, '2015-08-21', 3, 4),
(10911, '2022-03-01', 2, 45),
(10912, '2019-02-27', 4, 28),
(10913, '2022-01-13', 1, 19),
(10914, '2020-05-30', 4, 29),
(10915, '2018-07-18', 5, 18),
(10916, '2020-11-05', 1, 43),
(10917, '2019-06-17', 1, 21),
(10918, '2019-12-14', 4, 24),
(10919, '2020-01-07', 4, 36),
(10920, '2017-08-02', 2, 23),
(10921, '2015-07-03', 5, 21),
(10922, '2020-01-30', 2, 12),
(10923, '2018-08-19', 1, 46),
(10924, '2019-03-26', 1, 24),
(10925, '2020-04-14', 2, 14),
(10926, '2019-01-29', 3, 9),
(10927, '2015-10-15', 5, 29),
(10928, '2022-08-18', 2, 45),
(10929, '2016-04-08', 5, 9),
(10930, '2020-05-16', 2, 48),
(10931, '2018-12-28', 3, 23),
(10932, '2015-06-17', 1, 37),
(10933, '2023-02-18', 2, 13),
(10934, '2016-07-27', 3, 40),
(10935, '2016-04-12', 3, 45),
(10936, '2021-01-30', 4, 30),
(10937, '2015-06-30', 3, 42),
(10938, '2018-03-31', 1, 39),
(10939, '2017-07-12', 1, 37),
(10940, '2021-06-18', 5, 6),
(10941, '2018-11-20', 3, 42),
(10942, '2016-05-07', 1, 27),
(10943, '2021-02-13', 4, 18),
(10944, '2015-06-26', 2, 25),
(10945, '2015-12-20', 4, 41),
(10946, '2015-11-30', 5, 4),
(10947, '2021-02-26', 3, 16),
(10948, '2019-03-03', 1, 6),
(10949, '2023-08-12', 4, 1),
(10950, '2015-09-04', 1, 3),
(10951, '2019-12-14', 1, 13),
(10952, '2018-11-17', 4, 21),
(10953, '2016-10-14', 4, 19),
(10954, '2022-11-30', 1, 10),
(10955, '2021-04-07', 2, 26),
(10956, '2021-05-19', 4, 14),
(10957, '2021-04-30', 2, 28),
(10958, '2022-06-24', 3, 1),
(10959, '2020-02-24', 4, 11),
(10960, '2015-09-03', 4, 3),
(10961, '2015-01-22', 5, 38),
(10962, '2019-07-23', 3, 4),
(10963, '2016-04-22', 2, 46),
(10964, '2021-11-18', 2, 6),
(10965, '2021-03-25', 5, 20),
(10966, '2018-08-25', 1, 37),
(10967, '2018-11-18', 3, 8),
(10968, '2015-10-31', 3, 7),
(10969, '2018-06-03', 3, 4),
(10970, '2022-05-01', 4, 6),
(10971, '2018-10-09', 4, 19),
(10972, '2018-04-29', 4, 9),
(10973, '2018-07-18', 5, 1),
(10974, '2015-11-15', 1, 15),
(10975, '2022-01-10', 2, 8),
(10976, '2017-06-23', 5, 36),
(10977, '2018-12-09', 2, 28),
(10978, '2018-11-28', 4, 29),
(10979, '2020-09-12', 5, 26),
(10980, '2022-11-25', 5, 5),
(10981, '2019-05-02', 5, 39),
(10982, '2023-08-19', 1, 10),
(10983, '2016-02-06', 4, 48),
(10984, '2015-06-01', 4, 18),
(10985, '2020-02-27', 5, 14),
(10986, '2019-09-12', 2, 35),
(10987, '2020-12-27', 2, 38),
(10988, '2023-09-10', 5, 30),
(10989, '2020-04-20', 5, 18),
(10990, '2015-11-24', 2, 25),
(10991, '2016-05-12', 1, 31),
(10992, '2015-07-22', 2, 2),
(10993, '2020-06-18', 2, 19),
(10994, '2017-03-04', 5, 50),
(10995, '2023-04-05', 4, 29),
(10996, '2017-05-08', 3, 7),
(10997, '2022-10-13', 2, 7),
(10998, '2022-08-07', 2, 29),
(10999, '2017-06-09', 4, 31),
(11000, '2017-01-31', 1, 16),
(11001, '2018-10-06', 2, 37),
(11002, '2016-03-14', 4, 47),
(11003, '2018-11-20', 5, 43),
(11004, '2021-08-10', 5, 24),
(11005, '2019-03-10', 2, 1),
(11006, '2016-01-10', 1, 50),
(11007, '2022-10-09', 3, 50),
(11008, '2020-11-04', 3, 35),
(11009, '2021-11-29', 4, 36),
(11010, '2020-05-27', 3, 27),
(11011, '2015-09-19', 4, 41),
(11012, '2020-02-25', 5, 41),
(11013, '2022-11-12', 3, 22),
(11014, '2021-02-18', 4, 5),
(11015, '2017-06-25', 2, 42),
(11016, '2019-05-14', 5, 44),
(11017, '2018-02-26', 3, 34),
(11018, '2015-01-08', 1, 40),
(11019, '2020-08-27', 3, 47),
(11020, '2022-01-31', 1, 24),
(11021, '2015-11-28', 4, 7),
(11022, '2016-07-06', 4, 18),
(11023, '2023-09-09', 4, 3),
(11024, '2019-09-09', 5, 25),
(11025, '2016-04-21', 5, 3),
(11026, '2023-08-26', 5, 20),
(11027, '2015-03-27', 4, 30),
(11028, '2021-02-10', 1, 34),
(11029, '2023-08-06', 2, 49),
(11030, '2017-12-24', 2, 24),
(11031, '2019-11-08', 2, 48),
(11032, '2016-07-04', 3, 16),
(11033, '2021-01-01', 5, 2),
(11034, '2016-08-13', 2, 3),
(11035, '2023-05-05', 2, 49),
(11036, '2018-09-23', 5, 49),
(11037, '2020-03-20', 4, 49),
(11038, '2022-05-25', 3, 3),
(11039, '2016-03-27', 4, 1),
(11040, '2023-08-11', 1, 48),
(11041, '2023-10-25', 1, 18),
(11042, '2017-07-04', 5, 20),
(11043, '2015-08-31', 2, 21),
(11044, '2018-04-17', 5, 15),
(11045, '2020-09-05', 1, 2),
(11046, '2022-05-14', 4, 22),
(11047, '2016-07-13', 4, 37),
(11048, '2015-10-31', 2, 28),
(11049, '2019-01-03', 2, 19),
(11050, '2022-11-25', 3, 7),
(11051, '2018-09-29', 5, 32),
(11052, '2016-09-11', 4, 34),
(11053, '2018-11-11', 1, 25),
(11054, '2020-10-08', 4, 7),
(11055, '2018-07-29', 4, 2),
(11056, '2016-08-15', 3, 28),
(11057, '2022-10-28', 3, 26),
(11058, '2019-03-21', 1, 27),
(11059, '2021-06-11', 1, 28),
(11060, '2022-07-02', 3, 4),
(11061, '2017-11-04', 2, 20),
(11062, '2021-10-14', 2, 12),
(11063, '2021-05-22', 5, 26),
(11064, '2021-09-16', 2, 44),
(11065, '2021-09-13', 3, 36),
(11066, '2019-02-25', 5, 37),
(11067, '2015-07-23', 2, 15),
(11068, '2015-08-05', 2, 11),
(11069, '2017-06-15', 4, 15),
(11070, '2015-12-23', 4, 31),
(11071, '2020-03-20', 2, 21),
(11072, '2019-03-24', 4, 14),
(11073, '2021-10-03', 2, 4),
(11074, '2022-06-01', 1, 4),
(11075, '2017-09-02', 2, 23),
(11076, '2022-05-17', 3, 44),
(11077, '2018-12-23', 3, 44),
(11078, '2023-05-25', 1, 41),
(11079, '2021-12-01', 1, 9),
(11080, '2021-03-10', 3, 38),
(11081, '2022-05-08', 1, 14),
(11082, '2022-02-16', 4, 15),
(11083, '2015-08-20', 1, 15),
(11084, '2017-03-14', 2, 3),
(11085, '2015-05-29', 1, 18),
(11086, '2020-04-26', 3, 25),
(11087, '2019-10-16', 5, 22),
(11088, '2023-11-15', 3, 46),
(11089, '2016-01-17', 4, 45),
(11090, '2017-11-12', 5, 25),
(11091, '2022-11-03', 3, 13),
(11092, '2019-09-19', 5, 24),
(11093, '2020-10-01', 4, 13),
(11094, '2018-01-02', 5, 9),
(11095, '2020-03-05', 5, 44),
(11096, '2023-10-13', 5, 23),
(11097, '2018-05-19', 3, 16),
(11098, '2021-07-04', 2, 21),
(11099, '2020-05-18', 2, 29),
(11100, '2015-09-18', 2, 14),
(11101, '2021-05-06', 5, 15),
(11102, '2015-09-12', 3, 27),
(11103, '2016-05-09', 4, 45),
(11104, '2018-10-17', 3, 38),
(11105, '2020-12-11', 2, 48),
(11106, '2015-02-10', 1, 12),
(11107, '2023-03-26', 4, 40),
(11108, '2022-02-22', 5, 21),
(11109, '2022-02-18', 2, 23),
(11110, '2016-06-03', 2, 34),
(11111, '2017-10-28', 1, 45),
(11112, '2019-09-18', 1, 41),
(11113, '2015-10-15', 5, 11),
(11114, '2018-08-02', 1, 19),
(11115, '2021-05-28', 3, 21),
(11116, '2022-09-05', 5, 36),
(11117, '2017-09-27', 2, 27),
(11118, '2015-03-09', 4, 1),
(11119, '2017-04-05', 1, 6),
(11120, '2020-09-19', 3, 43),
(11121, '2016-07-18', 5, 40),
(11122, '2022-02-21', 2, 29),
(11123, '2020-06-17', 1, 22),
(11124, '2017-12-19', 5, 24),
(11125, '2021-01-13', 1, 46),
(11126, '2022-06-20', 2, 25),
(11127, '2015-11-16', 3, 33),
(11128, '2023-09-06', 3, 48),
(11129, '2016-11-23', 1, 28),
(11130, '2023-06-05', 3, 7),
(11131, '2021-09-24', 4, 5),
(11132, '2021-12-23', 3, 36),
(11133, '2023-08-07', 4, 37),
(11134, '2019-11-22', 4, 35),
(11135, '2022-04-22', 5, 40),
(11136, '2016-09-20', 4, 42),
(11137, '2017-03-19', 2, 4),
(11138, '2018-04-23', 1, 30),
(11139, '2022-11-06', 2, 35),
(11140, '2022-01-15', 2, 38),
(11141, '2022-11-11', 4, 47),
(11142, '2020-05-29', 5, 46),
(11143, '2017-12-02', 5, 38),
(11144, '2022-11-25', 2, 7),
(11145, '2021-08-14', 4, 36),
(11146, '2020-06-26', 2, 41),
(11147, '2023-05-22', 1, 3),
(11148, '2016-09-24', 2, 5),
(11149, '2015-08-28', 2, 32),
(11150, '2018-06-17', 5, 19),
(11151, '2018-09-16', 3, 7),
(11152, '2017-01-11', 4, 29),
(11153, '2015-06-04', 4, 17),
(11154, '2017-06-20', 4, 46),
(11155, '2016-04-17', 2, 1),
(11156, '2019-04-21', 5, 27),
(11157, '2017-11-21', 3, 34),
(11158, '2020-08-07', 1, 18),
(11159, '2016-03-25', 2, 17),
(11160, '2015-12-15', 2, 48),
(11161, '2016-02-08', 3, 36),
(11162, '2018-08-09', 3, 10),
(11163, '2022-01-02', 1, 44),
(11164, '2018-06-16', 5, 23),
(11165, '2021-07-18', 3, 10),
(11166, '2021-09-23', 1, 13),
(11167, '2018-12-28', 1, 41),
(11168, '2020-08-22', 4, 32),
(11169, '2021-09-13', 5, 27),
(11170, '2018-03-07', 5, 47),
(11171, '2017-09-18', 2, 10),
(11172, '2021-10-25', 4, 8),
(11173, '2019-09-15', 2, 7),
(11174, '2018-08-05', 5, 42),
(11175, '2022-10-28', 3, 24),
(11176, '2020-11-26', 1, 28),
(11177, '2023-09-03', 1, 1),
(11178, '2015-09-23', 5, 4),
(11179, '2023-10-04', 4, 49),
(11180, '2015-10-10', 5, 39),
(11181, '2015-12-21', 5, 42),
(11182, '2017-09-02', 1, 32),
(11183, '2016-12-19', 1, 8),
(11184, '2018-04-11', 2, 12),
(11185, '2020-02-20', 1, 41),
(11186, '2016-12-16', 1, 40),
(11187, '2019-10-08', 3, 6),
(11188, '2023-07-17', 1, 5),
(11189, '2018-12-05', 3, 17),
(11190, '2022-05-09', 5, 48),
(11191, '2015-10-26', 4, 29),
(11192, '2022-02-06', 2, 33),
(11193, '2021-02-16', 1, 32),
(11194, '2016-11-06', 1, 24),
(11195, '2016-10-11', 3, 17),
(11196, '2021-05-01', 4, 39),
(11197, '2016-05-16', 5, 24),
(11198, '2022-12-03', 2, 19),
(11199, '2019-10-20', 1, 18),
(11200, '2021-10-11', 3, 16),
(11201, '2018-08-03', 2, 11),
(11202, '2021-04-26', 1, 50),
(11203, '2018-12-09', 1, 20),
(11204, '2019-05-21', 3, 45),
(11205, '2019-10-02', 1, 17),
(11206, '2022-09-23', 5, 30),
(11207, '2021-12-23', 2, 14),
(11208, '2018-06-28', 3, 33),
(11209, '2017-01-15', 5, 30),
(11210, '2016-12-08', 4, 3),
(11211, '2020-01-08', 2, 48),
(11212, '2015-05-12', 5, 42),
(11213, '2023-04-24', 4, 35),
(11214, '2019-06-03', 4, 42),
(11215, '2017-06-11', 4, 28),
(11216, '2016-09-11', 1, 20),
(11217, '2020-07-29', 5, 22),
(11218, '2016-01-15', 2, 39),
(11219, '2018-10-28', 3, 47),
(11220, '2016-05-16', 3, 27),
(11221, '2020-10-15', 5, 35),
(11222, '2017-08-11', 1, 35),
(11223, '2023-01-12', 1, 49),
(11224, '2023-11-11', 2, 17),
(11225, '2017-11-04', 5, 5),
(11226, '2017-05-16', 3, 16),
(11227, '2020-01-15', 4, 40),
(11228, '2016-12-08', 5, 25),
(11229, '2016-06-16', 4, 39),
(11230, '2017-04-02', 5, 7),
(11231, '2021-11-23', 5, 16),
(11232, '2015-09-11', 1, 12),
(11233, '2019-04-29', 3, 42),
(11234, '2021-06-17', 2, 2),
(11235, '2019-08-23', 4, 1),
(11236, '2018-10-20', 2, 9),
(11237, '2023-06-26', 4, 47),
(11238, '2021-02-17', 1, 22),
(11239, '2017-11-06', 3, 12),
(11240, '2020-10-14', 3, 22),
(11241, '2021-08-02', 3, 30),
(11242, '2022-12-14', 3, 2),
(11243, '2019-02-09', 4, 27),
(11244, '2019-03-08', 1, 31),
(11245, '2022-06-23', 4, 27),
(11246, '2018-04-15', 1, 34),
(11247, '2017-02-17', 1, 24),
(11248, '2020-02-06', 5, 16),
(11249, '2019-10-31', 4, 9),
(11250, '2018-03-08', 3, 15),
(11251, '2016-01-08', 3, 15),
(11252, '2020-03-02', 3, 34),
(11253, '2020-03-19', 5, 38),
(11254, '2022-12-25', 3, 43),
(11255, '2020-08-15', 2, 16),
(11256, '2023-10-01', 4, 24),
(11257, '2023-08-17', 1, 45),
(11258, '2019-01-04', 4, 9),
(11259, '2017-05-15', 2, 6),
(11260, '2017-12-23', 2, 29),
(11261, '2017-06-17', 3, 20),
(11262, '2020-12-06', 3, 12),
(11263, '2016-11-30', 3, 19),
(11264, '2018-06-30', 4, 11),
(11265, '2021-07-05', 5, 12),
(11266, '2016-12-21', 1, 40),
(11267, '2022-06-01', 5, 36),
(11268, '2023-03-28', 5, 28),
(11269, '2017-04-24', 3, 44),
(11270, '2023-09-21', 3, 37),
(11271, '2023-03-08', 1, 34),
(11272, '2018-12-16', 1, 47),
(11273, '2015-03-24', 3, 33),
(11274, '2022-11-13', 2, 13),
(11275, '2015-03-10', 5, 15),
(11276, '2019-07-24', 5, 25),
(11277, '2020-06-12', 4, 21),
(11278, '2021-09-01', 3, 3),
(11279, '2017-07-02', 3, 15),
(11280, '2023-07-10', 2, 32),
(11281, '2020-06-16', 2, 8),
(11282, '2015-05-19', 3, 22),
(11283, '2020-05-10', 3, 24),
(11284, '2016-11-22', 5, 11),
(11285, '2016-02-14', 3, 29),
(11286, '2016-04-14', 5, 40),
(11287, '2016-10-06', 2, 10),
(11288, '2022-03-19', 1, 50),
(11289, '2019-04-27', 3, 30),
(11290, '2016-01-13', 1, 35),
(11291, '2023-01-05', 4, 37),
(11292, '2018-10-19', 3, 11),
(11293, '2020-07-18', 1, 20),
(11294, '2020-12-06', 3, 4),
(11295, '2016-05-01', 5, 50),
(11296, '2016-11-09', 4, 8),
(11297, '2022-05-15', 3, 24),
(11298, '2022-09-02', 2, 6),
(11299, '2022-10-26', 5, 23),
(11300, '2017-12-29', 5, 17),
(11301, '2023-09-22', 4, 7),
(11302, '2017-12-09', 4, 11),
(11303, '2022-06-28', 1, 44),
(11304, '2016-04-28', 3, 13),
(11305, '2019-11-19', 3, 34),
(11306, '2022-08-19', 5, 46),
(11307, '2022-12-22', 5, 8),
(11308, '2015-01-24', 5, 18),
(11309, '2023-08-15', 4, 12),
(11310, '2023-09-08', 1, 23),
(11311, '2022-05-24', 2, 29),
(11312, '2015-02-26', 2, 43),
(11313, '2020-09-02', 2, 33),
(11314, '2020-09-22', 4, 4),
(11315, '2023-02-20', 1, 3),
(11316, '2016-09-10', 4, 48),
(11317, '2021-01-07', 3, 46),
(11318, '2021-11-04', 4, 13),
(11319, '2019-08-23', 5, 13),
(11320, '2016-04-10', 1, 10),
(11321, '2020-03-11', 4, 23),
(11322, '2022-02-12', 4, 4),
(11323, '2018-06-24', 4, 27),
(11324, '2023-08-09', 1, 16),
(11325, '2015-03-25', 2, 1),
(11326, '2022-10-12', 4, 49),
(11327, '2017-09-09', 3, 25),
(11328, '2019-07-08', 2, 21),
(11329, '2016-03-08', 5, 31),
(11330, '2022-07-06', 1, 13),
(11331, '2020-06-26', 2, 2),
(11332, '2023-06-08', 2, 29),
(11333, '2021-11-20', 3, 50),
(11334, '2022-02-11', 3, 37),
(11335, '2015-10-17', 3, 13),
(11336, '2022-01-12', 5, 44),
(11337, '2019-02-25', 4, 47),
(11338, '2018-12-08', 4, 42),
(11339, '2021-07-28', 4, 7),
(11340, '2023-03-05', 3, 47),
(11341, '2020-03-13', 1, 35),
(11342, '2020-08-31', 1, 7),
(11343, '2015-08-12', 4, 26),
(11344, '2019-06-22', 4, 22),
(11345, '2016-04-27', 2, 13),
(11346, '2015-07-26', 3, 32),
(11347, '2018-05-21', 3, 30),
(11348, '2020-12-23', 1, 37),
(11349, '2018-02-06', 1, 49),
(11350, '2023-10-11', 3, 13),
(11351, '2015-11-19', 2, 2),
(11352, '2018-09-20', 4, 6),
(11353, '2022-07-02', 3, 37),
(11354, '2018-01-17', 2, 22),
(11355, '2015-11-08', 1, 29),
(11356, '2019-08-15', 3, 17),
(11357, '2016-02-24', 5, 42),
(11358, '2015-02-07', 2, 42),
(11359, '2020-01-14', 3, 12),
(11360, '2017-12-08', 3, 21),
(11361, '2015-07-14', 3, 1),
(11362, '2022-08-12', 4, 8),
(11363, '2017-11-23', 4, 15),
(11364, '2019-09-28', 2, 19),
(11365, '2020-03-14', 4, 47),
(11366, '2016-10-01', 1, 3),
(11367, '2023-04-15', 2, 49),
(11368, '2017-07-02', 3, 48),
(11369, '2020-10-19', 1, 19),
(11370, '2022-08-24', 3, 3),
(11371, '2019-08-22', 2, 2),
(11372, '2022-02-14', 5, 40),
(11373, '2015-02-22', 2, 16),
(11374, '2015-12-05', 5, 36),
(11375, '2017-07-02', 1, 21),
(11376, '2018-12-04', 3, 19),
(11377, '2022-08-26', 4, 42),
(11378, '2021-02-27', 3, 21),
(11379, '2019-05-15', 5, 49),
(11380, '2018-07-23', 5, 23),
(11381, '2017-10-26', 5, 30),
(11382, '2023-04-10', 2, 19),
(11383, '2016-11-07', 3, 39),
(11384, '2019-07-02', 3, 34),
(11385, '2020-06-14', 3, 28),
(11386, '2022-10-31', 1, 28),
(11387, '2016-01-13', 3, 11),
(11388, '2016-10-08', 3, 29),
(11389, '2018-11-01', 1, 11),
(11390, '2017-02-10', 4, 27),
(11391, '2023-12-19', 1, 29),
(11392, '2017-11-11', 1, 23),
(11393, '2021-02-01', 4, 27),
(11394, '2018-07-07', 1, 31),
(11395, '2016-01-21', 4, 42),
(11396, '2021-09-09', 3, 15),
(11397, '2022-11-23', 5, 36),
(11398, '2022-05-21', 1, 36),
(11399, '2020-01-03', 2, 49),
(11400, '2019-04-10', 3, 7),
(11401, '2018-08-12', 4, 30),
(11402, '2016-02-07', 1, 21),
(11403, '2015-09-22', 1, 46),
(11404, '2022-12-19', 3, 20),
(11405, '2017-10-29', 4, 12),
(11406, '2017-10-12', 5, 7),
(11407, '2021-09-22', 3, 7),
(11408, '2022-05-01', 2, 33),
(11409, '2017-05-18', 5, 17),
(11410, '2023-03-10', 2, 11),
(11411, '2017-08-14', 5, 1),
(11412, '2019-06-03', 5, 30),
(11413, '2016-05-14', 1, 32),
(11414, '2021-06-09', 1, 7),
(11415, '2021-01-24', 2, 8),
(11416, '2023-07-14', 3, 14),
(11417, '2016-08-02', 3, 21),
(11418, '2021-04-22', 1, 17),
(11419, '2017-07-17', 2, 36),
(11420, '2022-03-10', 1, 9),
(11421, '2016-07-24', 1, 31),
(11422, '2022-06-05', 1, 42),
(11423, '2018-06-25', 5, 11),
(11424, '2017-09-27', 2, 41),
(11425, '2016-10-09', 3, 29),
(11426, '2017-08-14', 3, 29),
(11427, '2023-07-13', 5, 11),
(11428, '2016-03-19', 2, 3),
(11429, '2021-03-16', 4, 40),
(11430, '2020-03-16', 4, 47),
(11431, '2018-10-10', 5, 25),
(11432, '2015-03-18', 5, 45),
(11433, '2021-04-16', 3, 34),
(11434, '2023-09-12', 5, 36),
(11435, '2023-07-07', 3, 21),
(11436, '2015-07-18', 1, 33),
(11437, '2015-04-07', 1, 23),
(11438, '2021-08-01', 1, 46),
(11439, '2016-06-02', 3, 15),
(11440, '2019-11-09', 4, 41),
(11441, '2022-08-16', 1, 49),
(11442, '2017-09-13', 2, 6),
(11443, '2015-11-12', 5, 22),
(11444, '2022-10-06', 5, 42),
(11445, '2020-05-24', 1, 33),
(11446, '2015-11-27', 3, 12),
(11447, '2018-05-08', 2, 20),
(11448, '2021-07-10', 1, 2),
(11449, '2018-06-01', 3, 47),
(11450, '2020-10-08', 2, 35),
(11451, '2015-03-17', 5, 26),
(11452, '2020-11-18', 5, 22),
(11453, '2015-03-22', 2, 41),
(11454, '2016-12-22', 2, 28),
(11455, '2015-01-11', 3, 25),
(11456, '2021-10-17', 1, 14),
(11457, '2023-01-08', 1, 15),
(11458, '2016-01-18', 5, 15),
(11459, '2016-09-23', 2, 5),
(11460, '2022-08-27', 2, 14),
(11461, '2020-05-04', 5, 16),
(11462, '2016-11-23', 1, 48),
(11463, '2022-03-21', 2, 36),
(11464, '2018-06-28', 4, 46),
(11465, '2015-05-21', 2, 20),
(11466, '2022-01-11', 1, 7),
(11467, '2018-06-13', 2, 38),
(11468, '2023-09-11', 4, 8),
(11469, '2015-03-31', 4, 33),
(11470, '2023-11-06', 1, 50),
(11471, '2016-11-11', 4, 16),
(11472, '2019-09-28', 4, 13),
(11473, '2018-11-04', 3, 18),
(11474, '2017-08-20', 1, 35),
(11475, '2016-08-21', 3, 15),
(11476, '2018-12-24', 2, 24),
(11477, '2023-09-23', 1, 38),
(11478, '2022-08-27', 3, 26),
(11479, '2021-09-26', 3, 49),
(11480, '2015-05-30', 1, 11),
(11481, '2019-12-20', 5, 36),
(11482, '2019-09-11', 3, 46),
(11483, '2016-09-14', 2, 22),
(11484, '2018-05-02', 3, 31),
(11485, '2015-06-12', 1, 3),
(11486, '2015-03-20', 2, 39),
(11487, '2023-05-06', 5, 18),
(11488, '2019-09-23', 4, 21),
(11489, '2019-08-10', 4, 46),
(11490, '2017-08-13', 2, 22),
(11491, '2017-02-09', 5, 26),
(11492, '2021-09-09', 2, 7),
(11493, '2019-06-14', 2, 11),
(11494, '2021-12-10', 2, 36),
(11495, '2015-11-13', 1, 43),
(11496, '2016-11-18', 4, 34),
(11497, '2016-01-09', 2, 48),
(11498, '2019-07-21', 3, 10),
(11499, '2016-04-07', 4, 15),
(11500, '2018-01-21', 4, 1),
(11501, '2019-10-17', 4, 14),
(11502, '2017-02-11', 3, 44),
(11503, '2022-11-11', 5, 39),
(11504, '2019-09-23', 1, 31),
(11505, '2016-08-23', 3, 38),
(11506, '2017-02-05', 3, 9),
(11507, '2017-04-22', 2, 24),
(11508, '2018-09-24', 3, 22),
(11509, '2023-10-12', 2, 1),
(11510, '2020-07-07', 2, 28),
(11511, '2019-01-04', 4, 7),
(11512, '2018-10-15', 3, 30),
(11513, '2015-12-24', 1, 19),
(11514, '2015-07-02', 3, 15),
(11515, '2021-10-17', 2, 43),
(11516, '2018-10-13', 4, 8),
(11517, '2020-02-25', 2, 6),
(11518, '2019-12-27', 3, 23),
(11519, '2016-05-17', 4, 33),
(11520, '2020-04-11', 1, 43),
(11521, '2023-02-03', 1, 41),
(11522, '2022-12-07', 5, 24),
(11523, '2015-07-15', 4, 5),
(11524, '2023-05-08', 4, 14),
(11525, '2015-01-24', 5, 4),
(11526, '2016-09-02', 5, 34),
(11527, '2018-10-19', 1, 38),
(11528, '2018-09-29', 2, 38),
(11529, '2020-01-09', 2, 7),
(11530, '2023-07-02', 4, 30),
(11531, '2019-02-24', 1, 44),
(11532, '2016-01-04', 3, 33),
(11533, '2017-11-11', 5, 43),
(11534, '2021-02-22', 1, 30),
(11535, '2015-07-08', 4, 31),
(11536, '2018-03-16', 2, 22),
(11537, '2017-06-19', 1, 30),
(11538, '2018-01-20', 1, 21),
(11539, '2022-02-25', 1, 41),
(11540, '2016-04-13', 3, 41),
(11541, '2021-03-21', 3, 23),
(11542, '2019-08-10', 3, 21),
(11543, '2020-04-15', 4, 22),
(11544, '2016-09-04', 4, 25),
(11545, '2023-04-24', 3, 46),
(11546, '2022-10-24', 5, 40),
(11547, '2018-10-12', 5, 49),
(11548, '2015-01-02', 3, 40),
(11549, '2022-11-04', 2, 48),
(11550, '2015-08-09', 3, 36),
(11551, '2018-07-19', 1, 31),
(11552, '2017-05-12', 5, 6),
(11553, '2022-12-05', 1, 37),
(11554, '2023-06-01', 2, 29),
(11555, '2021-08-11', 3, 37),
(11556, '2016-11-21', 2, 5),
(11557, '2021-03-10', 5, 1),
(11558, '2021-07-27', 1, 46),
(11559, '2016-06-01', 2, 36),
(11560, '2020-09-24', 4, 23),
(11561, '2016-09-03', 2, 17),
(11562, '2016-09-09', 4, 45),
(11563, '2016-03-22', 4, 18),
(11564, '2022-06-12', 4, 46),
(11565, '2020-04-30', 3, 12),
(11566, '2018-10-07', 4, 30),
(11567, '2021-02-21', 5, 24),
(11568, '2015-11-04', 2, 29),
(11569, '2018-07-09', 1, 36),
(11570, '2018-07-30', 5, 15),
(11571, '2019-06-12', 2, 22),
(11572, '2019-03-13', 5, 1),
(11573, '2022-03-16', 5, 2),
(11574, '2020-11-25', 3, 25),
(11575, '2018-09-25', 5, 40),
(11576, '2021-12-18', 5, 36),
(11577, '2015-09-30', 3, 46),
(11578, '2019-02-25', 3, 31),
(11579, '2016-04-26', 2, 25),
(11580, '2017-09-08', 2, 28),
(11581, '2020-04-21', 4, 23),
(11582, '2020-06-01', 5, 43),
(11583, '2023-03-08', 5, 7),
(11584, '2019-10-19', 3, 31),
(11585, '2018-01-28', 1, 21),
(11586, '2015-12-21', 4, 38),
(11587, '2018-05-11', 4, 11),
(11588, '2015-11-14', 5, 33),
(11589, '2019-09-27', 3, 50),
(11590, '2023-12-04', 3, 16),
(11591, '2018-09-20', 5, 14),
(11592, '2015-06-30', 5, 25),
(11593, '2021-10-29', 4, 12),
(11594, '2018-06-20', 4, 14),
(11595, '2016-04-01', 3, 28),
(11596, '2015-10-17', 5, 12),
(11597, '2023-02-21', 5, 15),
(11598, '2021-10-27', 5, 41),
(11599, '2022-01-28', 3, 15),
(11600, '2018-06-02', 2, 19),
(11601, '2015-02-12', 5, 23),
(11602, '2019-12-20', 3, 36),
(11603, '2015-03-15', 5, 20),
(11604, '2023-05-17', 1, 26),
(11605, '2016-01-23', 3, 12),
(11606, '2023-11-24', 3, 11),
(11607, '2022-02-18', 3, 16),
(11608, '2016-08-16', 3, 40),
(11609, '2020-12-21', 1, 15),
(11610, '2021-11-04', 2, 48),
(11611, '2019-06-21', 5, 48),
(11612, '2015-07-09', 4, 2),
(11613, '2020-05-07', 4, 4),
(11614, '2020-11-21', 4, 19),
(11615, '2022-11-13', 2, 23),
(11616, '2023-06-01', 1, 2),
(11617, '2019-09-12', 1, 26),
(11618, '2020-05-26', 2, 38),
(11619, '2015-04-13', 4, 26),
(11620, '2018-10-06', 3, 42),
(11621, '2018-05-06', 4, 31),
(11622, '2017-06-18', 1, 33),
(11623, '2020-02-18', 4, 8),
(11624, '2017-12-27', 1, 14),
(11625, '2015-09-02', 2, 13),
(11626, '2015-10-07', 3, 46),
(11627, '2021-07-01', 5, 34),
(11628, '2015-01-16', 4, 33),
(11629, '2015-04-02', 5, 18),
(11630, '2022-01-06', 1, 39),
(11631, '2023-02-22', 3, 24),
(11632, '2019-01-23', 2, 47),
(11633, '2021-09-20', 4, 41),
(11634, '2019-08-28', 1, 5),
(11635, '2016-01-11', 1, 41),
(11636, '2018-03-24', 3, 43),
(11637, '2019-10-23', 2, 26),
(11638, '2019-06-12', 4, 20),
(11639, '2015-03-09', 1, 34),
(11640, '2016-02-18', 3, 24),
(11641, '2015-05-12', 2, 2),
(11642, '2022-03-31', 2, 34),
(11643, '2020-10-03', 5, 45),
(11644, '2023-09-04', 1, 49),
(11645, '2020-03-12', 2, 49),
(11646, '2021-06-19', 4, 43),
(11647, '2020-08-21', 3, 33),
(11648, '2018-10-25', 2, 19),
(11649, '2022-05-31', 5, 44),
(11650, '2020-11-20', 1, 48),
(11651, '2022-01-12', 3, 3),
(11652, '2018-04-26', 4, 1),
(11653, '2023-07-01', 5, 39),
(11654, '2020-07-28', 3, 41),
(11655, '2018-11-01', 1, 27),
(11656, '2018-05-15', 5, 33),
(11657, '2017-07-20', 1, 23),
(11658, '2019-12-11', 3, 6),
(11659, '2015-07-27', 2, 38),
(11660, '2023-03-12', 2, 3),
(11661, '2022-06-18', 4, 18),
(11662, '2018-06-30', 1, 43),
(11663, '2021-04-24', 5, 28),
(11664, '2022-10-16', 2, 12),
(11665, '2022-02-26', 2, 19),
(11666, '2021-07-01', 1, 23),
(11667, '2020-09-07', 5, 3),
(11668, '2021-03-12', 2, 20),
(11669, '2017-02-06', 5, 1),
(11670, '2015-11-03', 5, 32),
(11671, '2022-04-18', 5, 47),
(11672, '2019-10-27', 1, 16),
(11673, '2022-12-27', 2, 29),
(11674, '2019-02-22', 3, 48),
(11675, '2015-02-18', 5, 19),
(11676, '2015-10-21', 2, 9),
(11677, '2018-03-05', 3, 12),
(11678, '2019-07-17', 4, 40),
(11679, '2020-03-21', 2, 32),
(11680, '2019-10-27', 4, 23),
(11681, '2016-12-31', 5, 44),
(11682, '2021-07-22', 2, 20),
(11683, '2016-06-09', 5, 29),
(11684, '2021-08-31', 1, 8),
(11685, '2022-12-31', 4, 14),
(11686, '2022-06-04', 5, 12),
(11687, '2018-02-18', 2, 44),
(11688, '2018-11-22', 1, 2),
(11689, '2015-10-07', 3, 23),
(11690, '2021-01-29', 1, 36),
(11691, '2019-11-26', 4, 11),
(11692, '2016-07-18', 5, 45),
(11693, '2023-03-17', 5, 41),
(11694, '2017-02-05', 5, 11),
(11695, '2021-01-09', 4, 9),
(11696, '2018-11-28', 4, 37),
(11697, '2019-06-26', 4, 20),
(11698, '2022-05-19', 3, 14),
(11699, '2018-04-20', 2, 27),
(11700, '2022-08-26', 2, 49),
(11701, '2018-02-22', 2, 7),
(11702, '2019-07-18', 5, 37),
(11703, '2017-01-12', 4, 34),
(11704, '2016-06-07', 5, 34),
(11705, '2019-11-06', 2, 46),
(11706, '2016-01-12', 2, 22),
(11707, '2016-05-24', 5, 48),
(11708, '2018-07-25', 1, 35),
(11709, '2015-01-12', 2, 12),
(11710, '2021-07-26', 5, 9),
(11711, '2019-07-28', 4, 7),
(11712, '2021-09-26', 5, 12),
(11713, '2017-03-05', 3, 50),
(11714, '2021-03-07', 4, 10),
(11715, '2017-12-07', 4, 3),
(11716, '2017-09-16', 2, 33),
(11717, '2021-08-26', 5, 39),
(11718, '2015-10-10', 3, 49),
(11719, '2022-06-13', 4, 42),
(11720, '2022-12-05', 5, 35),
(11721, '2017-11-13', 3, 24),
(11722, '2020-10-15', 4, 44),
(11723, '2016-11-26', 5, 35),
(11724, '2018-05-12', 2, 34),
(11725, '2016-10-03', 3, 50),
(11726, '2016-07-25', 3, 25),
(11727, '2021-04-17', 3, 47),
(11728, '2017-03-29', 3, 6),
(11729, '2017-04-16', 5, 4),
(11730, '2018-07-17', 5, 15),
(11731, '2017-02-11', 4, 2),
(11732, '2017-01-13', 4, 39),
(11733, '2023-02-28', 5, 50),
(11734, '2017-01-16', 1, 6),
(11735, '2020-07-07', 5, 13),
(11736, '2022-06-07', 2, 10),
(11737, '2022-11-13', 1, 12),
(11738, '2018-05-14', 4, 21),
(11739, '2022-03-13', 5, 25),
(11740, '2018-11-07', 4, 35),
(11741, '2019-04-06', 2, 18),
(11742, '2021-03-08', 2, 5),
(11743, '2022-08-30', 1, 17),
(11744, '2017-04-19', 3, 24),
(11745, '2015-10-14', 2, 24),
(11746, '2021-06-02', 2, 23),
(11747, '2023-10-08', 2, 41),
(11748, '2015-04-30', 1, 37),
(11749, '2015-05-20', 4, 26),
(11750, '2022-12-06', 3, 15),
(11751, '2023-01-30', 5, 25),
(11752, '2017-08-26', 5, 49),
(11753, '2015-06-25', 1, 28),
(11754, '2019-01-15', 4, 44),
(11755, '2018-09-21', 2, 5),
(11756, '2021-01-09', 4, 50),
(11757, '2022-06-18', 3, 24),
(11758, '2017-04-06', 2, 31),
(11759, '2021-11-25', 2, 35),
(11760, '2015-06-11', 4, 42),
(11761, '2019-02-05', 2, 44),
(11762, '2023-10-27', 4, 44),
(11763, '2015-03-02', 5, 26),
(11764, '2016-09-16', 4, 33),
(11765, '2018-12-11', 1, 31),
(11766, '2022-12-20', 2, 26),
(11767, '2015-01-26', 2, 13),
(11768, '2016-12-05', 3, 9),
(11769, '2021-03-10', 4, 38),
(11770, '2022-09-11', 1, 3),
(11771, '2017-10-28', 2, 17),
(11772, '2017-03-07', 4, 44),
(11773, '2023-04-14', 2, 38),
(11774, '2021-03-20', 5, 8),
(11775, '2022-10-01', 5, 15),
(11776, '2021-07-30', 1, 29),
(11777, '2021-06-05', 2, 1),
(11778, '2023-06-04', 5, 33),
(11779, '2018-05-31', 4, 9),
(11780, '2020-09-24', 4, 50),
(11781, '2020-12-11', 1, 4),
(11782, '2018-10-20', 2, 41),
(11783, '2023-08-11', 1, 9),
(11784, '2023-08-25', 3, 30),
(11785, '2020-02-08', 5, 37),
(11786, '2018-12-21', 2, 15),
(11787, '2015-12-18', 1, 1),
(11788, '2015-10-20', 4, 41),
(11789, '2021-01-24', 3, 1),
(11790, '2018-06-06', 2, 29),
(11791, '2020-09-25', 5, 46),
(11792, '2021-04-19', 4, 37),
(11793, '2019-06-10', 4, 27),
(11794, '2019-07-29', 1, 7),
(11795, '2015-10-02', 3, 50),
(11796, '2018-10-16', 3, 35),
(11797, '2020-06-06', 4, 49),
(11798, '2016-01-25', 5, 15),
(11799, '2022-02-16', 4, 38),
(11800, '2016-10-13', 2, 48),
(11801, '2021-11-04', 3, 36),
(11802, '2021-06-23', 4, 46),
(11803, '2018-07-08', 2, 5),
(11804, '2022-06-13', 1, 18),
(11805, '2015-01-01', 2, 30),
(11806, '2018-03-01', 5, 5),
(11807, '2023-09-25', 1, 37),
(11808, '2016-03-29', 1, 25),
(11809, '2016-08-30', 3, 26),
(11810, '2018-08-01', 2, 11),
(11811, '2020-11-29', 4, 42),
(11812, '2017-01-29', 3, 41),
(11813, '2015-07-02', 2, 11),
(11814, '2020-04-23', 1, 35),
(11815, '2016-03-07', 1, 26),
(11816, '2017-04-09', 1, 8),
(11817, '2023-08-20', 5, 33),
(11818, '2022-09-25', 3, 19),
(11819, '2019-03-16', 5, 11),
(11820, '2015-10-12', 2, 38),
(11821, '2017-07-16', 3, 46),
(11822, '2017-11-05', 4, 39),
(11823, '2016-10-28', 4, 20),
(11824, '2019-08-15', 4, 6),
(11825, '2017-09-14', 5, 46),
(11826, '2017-12-18', 4, 28),
(11827, '2018-03-21', 1, 38),
(11828, '2017-12-27', 1, 46),
(11829, '2023-11-28', 4, 18),
(11830, '2016-01-25', 1, 17),
(11831, '2022-02-12', 3, 32),
(11832, '2020-11-11', 5, 25),
(11833, '2019-06-04', 1, 20),
(11834, '2023-07-25', 3, 50),
(11835, '2019-08-08', 4, 48),
(11836, '2022-09-19', 4, 41),
(11837, '2018-08-09', 1, 4),
(11838, '2016-09-24', 3, 15),
(11839, '2016-10-31', 2, 13),
(11840, '2021-06-27', 1, 7),
(11841, '2022-07-04', 1, 25),
(11842, '2023-05-26', 1, 19),
(11843, '2023-02-09', 3, 45),
(11844, '2023-06-19', 2, 9),
(11845, '2023-05-11', 1, 25),
(11846, '2018-05-24', 2, 43),
(11847, '2015-07-12', 5, 10),
(11848, '2016-07-21', 1, 17),
(11849, '2015-06-03', 5, 26),
(11850, '2022-09-27', 3, 35),
(11851, '2021-05-01', 4, 1),
(11852, '2021-10-07', 2, 13),
(11853, '2018-02-05', 2, 41),
(11854, '2021-01-10', 5, 25),
(11855, '2022-10-13', 5, 15),
(11856, '2020-07-20', 4, 15),
(11857, '2022-06-18', 3, 18),
(11858, '2015-08-25', 3, 8),
(11859, '2022-02-01', 2, 6),
(11860, '2023-05-17', 2, 5),
(11861, '2016-03-01', 4, 24),
(11862, '2020-11-27', 5, 42),
(11863, '2015-08-21', 4, 13),
(11864, '2019-01-25', 4, 38),
(11865, '2017-12-12', 1, 37),
(11866, '2022-10-15', 4, 28),
(11867, '2017-02-26', 3, 18),
(11868, '2023-01-31', 1, 11),
(11869, '2020-03-08', 1, 36),
(11870, '2023-12-25', 3, 19),
(11871, '2019-03-09', 5, 14),
(11872, '2018-01-27', 1, 5),
(11873, '2020-10-04', 4, 46),
(11874, '2016-03-16', 1, 5),
(11875, '2022-04-07', 2, 8),
(11876, '2021-07-15', 1, 6),
(11877, '2015-09-15', 5, 4),
(11878, '2018-07-26', 3, 38),
(11879, '2023-08-24', 3, 7),
(11880, '2020-01-16', 2, 39),
(11881, '2018-12-03', 5, 7),
(11882, '2022-05-13', 1, 29),
(11883, '2020-03-28', 5, 36),
(11884, '2020-06-02', 5, 33),
(11885, '2019-01-29', 1, 6),
(11886, '2022-07-02', 5, 18),
(11887, '2017-09-14', 2, 43),
(11888, '2022-10-25', 5, 21),
(11889, '2017-02-22', 3, 10),
(11890, '2019-09-18', 2, 12),
(11891, '2019-03-31', 1, 33),
(11892, '2017-08-26', 5, 49),
(11893, '2017-08-13', 3, 43),
(11894, '2022-01-29', 2, 21),
(11895, '2022-12-15', 2, 6),
(11896, '2023-03-29', 2, 31),
(11897, '2016-04-04', 2, 10),
(11898, '2022-09-15', 5, 36),
(11899, '2022-09-02', 2, 21),
(11900, '2018-10-31', 4, 18),
(11901, '2021-10-16', 4, 3),
(11902, '2018-02-23', 3, 38),
(11903, '2016-02-25', 2, 47),
(11904, '2019-05-12', 4, 11),
(11905, '2021-02-26', 5, 18),
(11906, '2021-07-14', 5, 23),
(11907, '2021-11-20', 5, 25),
(11908, '2019-02-07', 4, 19),
(11909, '2022-01-10', 5, 49),
(11910, '2021-06-23', 3, 5),
(11911, '2018-03-16', 5, 3),
(11912, '2021-05-12', 2, 1),
(11913, '2017-08-23', 2, 1),
(11914, '2018-09-08', 4, 40),
(11915, '2015-04-09', 1, 26),
(11916, '2015-03-20', 3, 7),
(11917, '2016-04-21', 2, 12),
(11918, '2015-02-01', 5, 18),
(11919, '2019-09-26', 5, 19),
(11920, '2021-04-08', 5, 15),
(11921, '2018-02-03', 3, 12),
(11922, '2015-12-19', 2, 1),
(11923, '2020-03-26', 1, 21),
(11924, '2015-03-05', 3, 48),
(11925, '2018-01-21', 4, 4),
(11926, '2020-03-16', 2, 28),
(11927, '2017-02-14', 3, 37),
(11928, '2019-08-22', 3, 16),
(11929, '2017-06-02', 3, 8),
(11930, '2021-10-05', 1, 48),
(11931, '2021-01-30', 2, 33),
(11932, '2017-12-26', 5, 24),
(11933, '2021-07-22', 2, 50),
(11934, '2017-03-05', 1, 34),
(11935, '2023-04-02', 4, 7),
(11936, '2016-01-25', 3, 10),
(11937, '2021-08-10', 1, 30),
(11938, '2016-08-06', 5, 23),
(11939, '2023-10-16', 1, 25),
(11940, '2023-03-01', 5, 48),
(11941, '2017-01-03', 4, 43),
(11942, '2022-07-22', 5, 13),
(11943, '2018-11-25', 2, 17),
(11944, '2021-01-28', 1, 8),
(11945, '2017-03-02', 2, 6),
(11946, '2017-01-27', 4, 38),
(11947, '2023-12-21', 4, 5),
(11948, '2016-10-04', 2, 46),
(11949, '2016-06-14', 2, 41),
(11950, '2019-01-25', 5, 45),
(11951, '2016-02-02', 5, 23),
(11952, '2019-05-12', 4, 41),
(11953, '2023-11-09', 2, 17),
(11954, '2019-02-11', 5, 24),
(11955, '2022-07-27', 2, 24),
(11956, '2018-01-02', 5, 17),
(11957, '2020-07-31', 4, 43),
(11958, '2022-10-05', 2, 8),
(11959, '2019-09-03', 2, 4),
(11960, '2016-03-31', 4, 14),
(11961, '2022-06-23', 2, 24),
(11962, '2015-08-06', 2, 7),
(11963, '2017-02-19', 1, 46),
(11964, '2015-12-12', 3, 5),
(11965, '2023-06-10', 1, 45),
(11966, '2017-04-16', 1, 29),
(11967, '2021-08-01', 1, 21),
(11968, '2015-06-25', 3, 3),
(11969, '2019-09-01', 4, 20),
(11970, '2022-04-19', 4, 41),
(11971, '2017-06-17', 4, 7),
(11972, '2016-05-01', 2, 44),
(11973, '2022-04-06', 5, 13),
(11974, '2015-03-14', 5, 35),
(11975, '2021-11-18', 3, 38),
(11976, '2018-09-23', 5, 24),
(11977, '2018-07-08', 2, 18),
(11978, '2015-10-17', 1, 18),
(11979, '2016-12-02', 2, 13),
(11980, '2019-05-30', 1, 44),
(11981, '2023-04-26', 5, 1),
(11982, '2015-03-14', 4, 11),
(11983, '2020-10-10', 3, 7),
(11984, '2021-12-18', 2, 9),
(11985, '2015-11-03', 5, 2),
(11986, '2021-04-09', 2, 44),
(11987, '2016-05-14', 1, 21),
(11988, '2022-05-01', 4, 5),
(11989, '2023-11-16', 5, 39),
(11990, '2015-10-09', 5, 27),
(11991, '2020-04-25', 1, 5),
(11992, '2020-04-19', 3, 42),
(11993, '2015-05-21', 2, 32),
(11994, '2019-12-30', 3, 47),
(11995, '2016-09-20', 5, 45),
(11996, '2021-01-11', 2, 8),
(11997, '2018-04-21', 2, 42),
(11998, '2018-05-25', 2, 22),
(11999, '2016-03-16', 5, 7),
(12000, '2022-03-28', 2, 33),
(12001, '2017-05-24', 2, 48),
(12002, '2021-02-26', 2, 32),
(12003, '2021-01-23', 3, 3),
(12004, '2016-11-27', 3, 24),
(12005, '2015-08-21', 4, 17),
(12006, '2019-05-20', 2, 3),
(12007, '2015-05-31', 3, 44),
(12008, '2022-10-28', 4, 35),
(12009, '2017-10-23', 1, 6),
(12010, '2019-02-11', 4, 48),
(12011, '2021-09-24', 4, 39),
(12012, '2020-03-30', 1, 25),
(12013, '2021-05-03', 2, 31),
(12014, '2020-06-13', 1, 3),
(12015, '2016-01-20', 5, 39),
(12016, '2018-10-21', 3, 39),
(12017, '2023-02-23', 2, 8),
(12018, '2018-01-01', 5, 12),
(12019, '2016-10-17', 4, 10),
(12020, '2015-05-28', 4, 38),
(12021, '2019-09-02', 3, 16),
(12022, '2021-12-06', 2, 16),
(12023, '2015-01-25', 1, 13),
(12024, '2015-05-24', 2, 18),
(12025, '2015-09-19', 5, 48),
(12026, '2021-10-05', 1, 36),
(12027, '2022-04-30', 2, 45),
(12028, '2015-12-29', 4, 36),
(12029, '2020-01-11', 3, 18),
(12030, '2017-02-25', 4, 6),
(12031, '2015-12-04', 1, 41),
(12032, '2020-09-10', 3, 36),
(12033, '2016-07-29', 2, 29),
(12034, '2019-09-11', 3, 35),
(12035, '2023-04-03', 1, 17),
(12036, '2018-04-16', 3, 15),
(12037, '2015-10-30', 2, 21),
(12038, '2020-07-02', 3, 42),
(12039, '2019-09-20', 2, 15),
(12040, '2022-07-02', 4, 29),
(12041, '2015-05-01', 5, 25),
(12042, '2015-11-19', 3, 15),
(12043, '2020-01-18', 5, 34),
(12044, '2015-06-22', 3, 36),
(12045, '2015-03-26', 5, 35),
(12046, '2015-06-18', 3, 42),
(12047, '2020-02-24', 2, 48),
(12048, '2017-05-14', 3, 16),
(12049, '2017-12-28', 2, 45),
(12050, '2023-07-23', 1, 18),
(12051, '2023-05-14', 5, 9),
(12052, '2022-05-05', 5, 47),
(12053, '2019-07-15', 2, 19),
(12054, '2023-03-07', 1, 31),
(12055, '2019-08-17', 3, 13),
(12056, '2022-11-02', 4, 45),
(12057, '2023-05-02', 5, 47),
(12058, '2020-11-15', 3, 41),
(12059, '2020-08-25', 2, 25),
(12060, '2016-10-06', 3, 48),
(12061, '2016-03-20', 5, 34),
(12062, '2017-04-29', 2, 48),
(12063, '2021-08-14', 1, 45),
(12064, '2020-06-07', 1, 26),
(12065, '2020-01-22', 2, 12),
(12066, '2022-10-06', 2, 11),
(12067, '2017-04-05', 2, 22),
(12068, '2019-08-03', 1, 39),
(12069, '2018-06-08', 5, 40),
(12070, '2019-10-25', 4, 8),
(12071, '2016-11-22', 3, 30),
(12072, '2018-01-31', 2, 13),
(12073, '2015-05-26', 1, 32),
(12074, '2020-07-23', 2, 40),
(12075, '2021-10-07', 2, 17),
(12076, '2016-03-22', 5, 11),
(12077, '2021-01-01', 1, 3),
(12078, '2015-04-29', 2, 40),
(12079, '2018-12-06', 4, 44),
(12080, '2016-04-24', 4, 24),
(12081, '2020-02-11', 1, 23),
(12082, '2019-05-07', 1, 24),
(12083, '2017-07-29', 2, 1),
(12084, '2019-01-11', 3, 18),
(12085, '2016-09-15', 1, 37),
(12086, '2017-07-16', 5, 35),
(12087, '2019-01-17', 2, 40),
(12088, '2016-09-15', 4, 34),
(12089, '2020-07-23', 1, 30),
(12090, '2017-12-27', 4, 6),
(12091, '2017-01-21', 3, 10),
(12092, '2017-09-05', 4, 18),
(12093, '2018-04-30', 4, 29),
(12094, '2015-06-27', 1, 44),
(12095, '2021-12-02', 4, 14),
(12096, '2018-03-24', 4, 46),
(12097, '2021-12-03', 4, 45),
(12098, '2018-11-06', 4, 28),
(12099, '2015-10-02', 3, 23),
(12100, '2023-12-26', 4, 13),
(12101, '2015-10-19', 3, 43),
(12102, '2020-12-01', 1, 46),
(12103, '2016-05-23', 2, 18),
(12104, '2017-07-20', 5, 41),
(12105, '2019-12-22', 2, 25),
(12106, '2019-08-19', 1, 43),
(12107, '2022-09-02', 3, 49),
(12108, '2021-11-18', 3, 19),
(12109, '2020-06-29', 1, 35),
(12110, '2018-05-04', 4, 34),
(12111, '2016-12-15', 2, 19),
(12112, '2016-09-04', 3, 37),
(12113, '2017-03-20', 4, 7),
(12114, '2020-03-21', 1, 30),
(12115, '2015-05-09', 3, 35),
(12116, '2021-09-19', 3, 31),
(12117, '2021-12-18', 5, 11),
(12118, '2016-08-22', 2, 41),
(12119, '2015-04-30', 1, 11),
(12120, '2017-01-09', 4, 29),
(12121, '2020-06-03', 5, 16),
(12122, '2022-04-14', 3, 38),
(12123, '2019-10-18', 2, 12),
(12124, '2019-11-29', 2, 26),
(12125, '2019-03-17', 5, 47),
(12126, '2018-10-07', 2, 24),
(12127, '2018-10-07', 1, 6),
(12128, '2020-02-07', 3, 31),
(12129, '2023-12-23', 5, 40),
(12130, '2017-10-29', 1, 20),
(12131, '2021-12-31', 2, 46),
(12132, '2023-05-17', 4, 32),
(12133, '2015-12-13', 3, 42),
(12134, '2017-02-02', 3, 24),
(12135, '2023-10-30', 1, 34),
(12136, '2019-03-03', 2, 6),
(12137, '2020-08-11', 3, 18),
(12138, '2023-06-07', 4, 5),
(12139, '2018-01-13', 2, 42),
(12140, '2016-03-27', 1, 49),
(12141, '2019-02-15', 5, 33),
(12142, '2016-04-19', 2, 20),
(12143, '2020-05-23', 1, 11),
(12144, '2023-04-04', 1, 33),
(12145, '2021-11-24', 1, 39),
(12146, '2017-07-02', 2, 20),
(12147, '2022-10-19', 1, 43),
(12148, '2020-10-30', 4, 27),
(12149, '2018-04-18', 1, 46),
(12150, '2017-08-26', 3, 4),
(12151, '2023-03-30', 3, 6),
(12152, '2017-01-31', 4, 39),
(12153, '2021-03-21', 4, 23),
(12154, '2023-07-05', 2, 22),
(12155, '2021-03-23', 4, 18),
(12156, '2018-02-18', 4, 15),
(12157, '2021-01-29', 3, 22),
(12158, '2017-08-28', 1, 21),
(12159, '2018-04-20', 4, 2),
(12160, '2016-07-15', 5, 34),
(12161, '2022-09-07', 4, 44),
(12162, '2023-04-28', 3, 26),
(12163, '2017-04-07', 3, 50),
(12164, '2016-07-07', 2, 43),
(12165, '2016-12-15', 5, 17),
(12166, '2016-11-12', 2, 25),
(12167, '2022-06-07', 2, 45),
(12168, '2023-08-10', 2, 19),
(12169, '2021-06-03', 3, 17),
(12170, '2019-12-14', 1, 15),
(12171, '2015-02-08', 4, 42),
(12172, '2021-08-15', 3, 19),
(12173, '2019-10-10', 5, 15),
(12174, '2017-09-21', 2, 16),
(12175, '2019-11-03', 2, 21),
(12176, '2018-06-11', 5, 48),
(12177, '2017-04-10', 4, 48),
(12178, '2019-07-31', 5, 30),
(12179, '2023-10-22', 5, 21),
(12180, '2017-09-17', 5, 45),
(12181, '2018-09-07', 4, 33),
(12182, '2021-04-21', 1, 36),
(12183, '2022-08-21', 2, 5),
(12184, '2015-12-12', 1, 31),
(12185, '2015-01-12', 2, 43),
(12186, '2020-01-15', 2, 6),
(12187, '2018-06-15', 2, 39),
(12188, '2015-07-13', 4, 35),
(12189, '2015-11-02', 1, 7),
(12190, '2016-04-23', 1, 28),
(12191, '2015-02-02', 5, 21),
(12192, '2023-09-30', 5, 19),
(12193, '2023-04-11', 2, 46),
(12194, '2015-01-04', 3, 49),
(12195, '2023-02-06', 4, 43),
(12196, '2022-02-03', 1, 24),
(12197, '2016-03-04', 1, 14),
(12198, '2019-03-27', 1, 35),
(12199, '2020-03-07', 5, 20),
(12200, '2023-05-25', 3, 12),
(12201, '2021-06-18', 4, 3),
(12202, '2019-01-11', 5, 10),
(12203, '2023-01-09', 4, 6),
(12204, '2021-11-21', 3, 7),
(12205, '2016-01-09', 4, 9),
(12206, '2015-08-11', 1, 18),
(12207, '2015-11-02', 3, 27),
(12208, '2018-03-24', 5, 45),
(12209, '2016-07-19', 5, 49),
(12210, '2019-07-16', 2, 38),
(12211, '2021-06-04', 4, 24),
(12212, '2020-07-18', 5, 27),
(12213, '2017-09-05', 1, 28),
(12214, '2021-09-26', 2, 12),
(12215, '2016-05-11', 2, 14),
(12216, '2019-04-01', 2, 26),
(12217, '2022-06-30', 5, 17),
(12218, '2022-09-26', 2, 5),
(12219, '2019-12-05', 2, 41),
(12220, '2018-02-05', 3, 46),
(12221, '2023-03-27', 1, 5),
(12222, '2020-08-30', 5, 44),
(12223, '2019-03-10', 2, 25),
(12224, '2022-10-02', 3, 16),
(12225, '2015-10-22', 1, 50),
(12226, '2019-05-07', 3, 20),
(12227, '2021-10-13', 2, 39),
(12228, '2019-07-09', 1, 45),
(12229, '2019-12-30', 5, 40),
(12230, '2018-01-31', 2, 9),
(12231, '2016-02-04', 5, 46),
(12232, '2022-08-03', 3, 32),
(12233, '2023-01-23', 3, 32),
(12234, '2017-03-07', 3, 22),
(12235, '2016-11-22', 5, 24),
(12236, '2023-08-13', 3, 4),
(12237, '2018-01-28', 3, 20),
(12238, '2020-07-12', 2, 14),
(12239, '2017-01-29', 3, 29),
(12240, '2021-03-03', 2, 13),
(12241, '2015-01-12', 1, 30),
(12242, '2015-09-12', 3, 39),
(12243, '2016-06-22', 3, 27),
(12244, '2023-02-25', 2, 9),
(12245, '2016-11-12', 5, 3),
(12246, '2022-11-06', 1, 13),
(12247, '2017-02-06', 1, 13),
(12248, '2020-09-06', 5, 38),
(12249, '2022-09-11', 3, 11),
(12250, '2017-08-25', 5, 13),
(12251, '2021-08-08', 1, 22),
(12252, '2023-12-26', 1, 29),
(12253, '2016-09-22', 3, 40),
(12254, '2020-07-12', 1, 34),
(12255, '2021-11-18', 3, 46),
(12256, '2021-06-06', 1, 9),
(12257, '2020-05-05', 1, 1),
(12258, '2023-08-09', 3, 46),
(12259, '2016-12-18', 2, 31),
(12260, '2018-04-25', 1, 10),
(12261, '2021-02-27', 2, 40),
(12262, '2016-08-30', 3, 36),
(12263, '2023-04-11', 5, 3),
(12264, '2017-07-25', 3, 41),
(12265, '2016-02-29', 2, 46),
(12266, '2017-08-19', 1, 1),
(12267, '2015-05-14', 5, 32),
(12268, '2021-10-06', 5, 7),
(12269, '2023-01-21', 4, 25),
(12270, '2019-04-28', 4, 49),
(12271, '2019-07-08', 4, 10),
(12272, '2020-04-22', 5, 1),
(12273, '2019-05-16', 1, 21),
(12274, '2019-04-14', 4, 40),
(12275, '2018-06-29', 1, 27),
(12276, '2015-01-16', 1, 3),
(12277, '2017-12-20', 3, 33),
(12278, '2015-05-23', 3, 30),
(12279, '2016-05-07', 3, 16),
(12280, '2015-09-27', 3, 45),
(12281, '2015-12-03', 3, 48),
(12282, '2016-04-11', 2, 41),
(12283, '2020-03-30', 3, 22),
(12284, '2019-08-09', 1, 1),
(12285, '2021-09-28', 4, 40),
(12286, '2020-11-21', 5, 14),
(12287, '2017-10-31', 1, 47),
(12288, '2020-08-02', 5, 7),
(12289, '2015-09-25', 5, 22),
(12290, '2021-10-17', 3, 37),
(12291, '2018-09-22', 2, 25),
(12292, '2018-02-06', 1, 9),
(12293, '2016-04-18', 3, 25),
(12294, '2023-03-04', 2, 45),
(12295, '2016-02-11', 3, 17),
(12296, '2022-05-09', 4, 9),
(12297, '2016-01-06', 2, 11),
(12298, '2019-01-26', 3, 22),
(12299, '2020-05-29', 3, 4),
(12300, '2020-07-06', 5, 25),
(12301, '2015-11-18', 5, 12),
(12302, '2019-07-22', 5, 9),
(12303, '2018-09-09', 3, 38),
(12304, '2021-11-26', 1, 14),
(12305, '2015-10-30', 1, 42),
(12306, '2020-09-03', 3, 36),
(12307, '2022-09-01', 1, 29),
(12308, '2019-12-07', 5, 38),
(12309, '2023-01-07', 4, 4),
(12310, '2017-02-07', 2, 4),
(12311, '2020-09-12', 4, 5),
(12312, '2018-07-19', 1, 38),
(12313, '2019-01-15', 3, 16),
(12314, '2016-07-18', 2, 20),
(12315, '2021-06-06', 5, 12),
(12316, '2021-07-09', 4, 12),
(12317, '2022-08-29', 3, 27),
(12318, '2016-11-28', 4, 5),
(12319, '2017-03-08', 2, 31),
(12320, '2017-06-13', 2, 9),
(12321, '2020-08-29', 1, 11),
(12322, '2015-04-16', 5, 21),
(12323, '2019-05-26', 3, 29),
(12324, '2017-09-11', 4, 5),
(12325, '2017-04-20', 1, 18),
(12326, '2017-09-02', 4, 41),
(12327, '2017-12-31', 4, 47),
(12328, '2020-07-09', 4, 27),
(12329, '2020-05-06', 5, 11),
(12330, '2021-01-09', 4, 19),
(12331, '2015-01-21', 2, 34),
(12332, '2023-07-27', 3, 27),
(12333, '2015-03-26', 1, 4),
(12334, '2022-10-28', 3, 49),
(12335, '2023-07-27', 4, 11),
(12336, '2017-01-27', 5, 1),
(12337, '2022-12-02', 1, 33),
(12338, '2020-08-11', 2, 28),
(12339, '2021-09-09', 2, 29),
(12340, '2020-05-19', 4, 21),
(12341, '2019-04-07', 1, 36),
(12342, '2015-10-01', 2, 47),
(12343, '2017-11-27', 4, 5),
(12344, '2015-08-20', 1, 27),
(12345, '2015-08-19', 1, 10),
(12346, '2016-11-10', 4, 10),
(12347, '2020-10-17', 1, 48),
(12348, '2017-06-18', 2, 50),
(12349, '2019-09-22', 2, 35),
(12350, '2016-06-17', 1, 23),
(12351, '2019-03-26', 5, 42),
(12352, '2015-07-14', 1, 10),
(12353, '2022-01-27', 5, 3),
(12354, '2018-11-11', 4, 20),
(12355, '2022-04-04', 3, 18),
(12356, '2021-12-16', 3, 27),
(12357, '2017-10-03', 2, 46),
(12358, '2016-08-17', 5, 36),
(12359, '2022-05-20', 1, 9),
(12360, '2015-11-19', 4, 8),
(12361, '2019-06-12', 2, 8),
(12362, '2017-01-24', 3, 26),
(12363, '2015-08-15', 4, 15),
(12364, '2023-05-15', 1, 39),
(12365, '2018-08-17', 5, 23),
(12366, '2016-04-11', 2, 19),
(12367, '2022-12-04', 5, 20),
(12368, '2023-09-21', 2, 12),
(12369, '2015-06-03', 2, 48),
(12370, '2018-07-08', 1, 45),
(12371, '2022-06-02', 2, 1),
(12372, '2018-03-01', 2, 46),
(12373, '2017-01-08', 5, 48),
(12374, '2018-09-20', 4, 12),
(12375, '2020-04-24', 2, 12),
(12376, '2021-02-17', 2, 49),
(12377, '2022-08-04', 2, 41),
(12378, '2018-06-16', 1, 4),
(12379, '2019-06-30', 3, 27),
(12380, '2022-09-11', 5, 40),
(12381, '2015-12-12', 4, 40),
(12382, '2020-05-07', 3, 50),
(12383, '2016-07-18', 3, 18),
(12384, '2022-09-12', 1, 10),
(12385, '2023-03-19', 3, 12),
(12386, '2020-05-25', 3, 8),
(12387, '2022-02-25', 4, 31),
(12388, '2018-01-27', 4, 10),
(12389, '2022-10-15', 3, 22),
(12390, '2019-01-24', 2, 1),
(12391, '2017-04-28', 4, 5),
(12392, '2019-12-01', 2, 29),
(12393, '2021-05-01', 4, 36),
(12394, '2019-04-04', 2, 35),
(12395, '2017-09-06', 2, 35),
(12396, '2017-08-14', 4, 43),
(12397, '2018-11-23', 3, 29),
(12398, '2023-05-12', 5, 12),
(12399, '2021-08-21', 2, 47),
(12400, '2022-08-05', 5, 10),
(12401, '2018-02-18', 3, 28),
(12402, '2022-03-09', 3, 50),
(12403, '2020-05-21', 5, 36),
(12404, '2023-02-09', 1, 28),
(12405, '2017-11-17', 2, 29),
(12406, '2019-08-03', 1, 38),
(12407, '2016-10-16', 3, 32),
(12408, '2019-04-13', 3, 48),
(12409, '2018-09-05', 1, 43),
(12410, '2017-09-12', 4, 5),
(12411, '2015-10-19', 2, 5),
(12412, '2023-06-03', 2, 47),
(12413, '2023-07-11', 2, 12),
(12414, '2016-04-28', 3, 20),
(12415, '2023-02-23', 3, 49),
(12416, '2015-01-15', 4, 34),
(12417, '2019-03-09', 4, 17),
(12418, '2020-09-09', 4, 15),
(12419, '2018-10-17', 2, 36),
(12420, '2016-03-28', 1, 44),
(12421, '2019-05-01', 1, 46),
(12422, '2021-07-14', 5, 14),
(12423, '2018-02-04', 1, 6),
(12424, '2022-12-31', 5, 36),
(12425, '2016-02-23', 5, 25),
(12426, '2019-12-21', 2, 24),
(12427, '2023-02-07', 1, 27),
(12428, '2017-05-08', 2, 31),
(12429, '2023-06-30', 3, 10),
(12430, '2023-02-01', 4, 41),
(12431, '2020-01-02', 1, 24),
(12432, '2018-02-17', 4, 43),
(12433, '2019-09-08', 3, 4),
(12434, '2015-03-04', 4, 30),
(12435, '2018-02-19', 4, 33),
(12436, '2016-12-10', 4, 48),
(12437, '2019-09-12', 1, 3),
(12438, '2018-05-27', 1, 47),
(12439, '2019-12-20', 3, 36),
(12440, '2015-02-15', 3, 42),
(12441, '2016-12-07', 4, 26),
(12442, '2017-02-14', 3, 7),
(12443, '2022-02-01', 3, 6),
(12444, '2019-12-13', 3, 3),
(12445, '2021-11-24', 3, 15),
(12446, '2022-12-07', 1, 30),
(12447, '2015-07-13', 5, 29),
(12448, '2017-07-28', 5, 17),
(12449, '2015-06-06', 5, 43),
(12450, '2019-04-30', 3, 30),
(12451, '2015-02-23', 2, 33),
(12452, '2020-08-31', 3, 44),
(12453, '2021-06-29', 4, 50),
(12454, '2019-08-31', 1, 25),
(12455, '2018-04-14', 5, 19),
(12456, '2017-03-16', 5, 30),
(12457, '2020-07-27', 2, 25),
(12458, '2018-05-09', 4, 45),
(12459, '2016-12-27', 4, 15),
(12460, '2015-09-02', 4, 43),
(12461, '2021-01-25', 5, 48),
(12462, '2021-05-26', 5, 44),
(12463, '2023-05-20', 2, 37),
(12464, '2020-07-21', 4, 16),
(12465, '2021-02-20', 4, 2),
(12466, '2017-10-06', 3, 2),
(12467, '2022-10-06', 1, 25),
(12468, '2023-10-29', 5, 9),
(12469, '2021-06-04', 4, 11),
(12470, '2021-02-27', 3, 8),
(12471, '2019-09-15', 5, 22),
(12472, '2015-12-17', 4, 41),
(12473, '2015-08-14', 5, 19),
(12474, '2022-09-26', 2, 26),
(12475, '2016-10-02', 4, 45),
(12476, '2020-01-28', 1, 40),
(12477, '2022-06-15', 5, 34),
(12478, '2018-03-15', 4, 1),
(12479, '2018-10-17', 2, 22),
(12480, '2016-02-28', 1, 5),
(12481, '2021-11-03', 2, 36),
(12482, '2021-09-16', 1, 29),
(12483, '2020-08-20', 4, 4),
(12484, '2022-04-22', 3, 29),
(12485, '2022-10-08', 3, 28),
(12486, '2016-01-24', 5, 14),
(12487, '2022-06-03', 3, 32),
(12488, '2023-08-06', 1, 27),
(12489, '2023-01-17', 3, 34),
(12490, '2018-09-30', 4, 12),
(12491, '2023-04-28', 2, 13),
(12492, '2018-07-22', 3, 48),
(12493, '2016-11-23', 4, 13),
(12494, '2019-12-28', 4, 4),
(12495, '2017-11-01', 2, 12),
(12496, '2015-03-26', 2, 40),
(12497, '2023-10-10', 1, 23),
(12498, '2021-08-12', 2, 26),
(12499, '2021-08-18', 4, 14),
(12500, '2017-05-13', 4, 15),
(12501, '2018-08-28', 1, 34),
(12502, '2021-07-09', 1, 11),
(12503, '2023-09-24', 3, 49),
(12504, '2021-02-20', 1, 16),
(12505, '2020-07-17', 4, 26),
(12506, '2020-05-02', 4, 39),
(12507, '2021-02-08', 1, 8),
(12508, '2022-08-07', 5, 45),
(12509, '2015-10-11', 2, 22),
(12510, '2019-07-10', 2, 9),
(12511, '2020-02-02', 1, 15),
(12512, '2019-01-10', 2, 13),
(12513, '2021-11-06', 4, 44),
(12514, '2017-04-12', 1, 26),
(12515, '2023-03-07', 3, 24),
(12516, '2017-11-21', 5, 1),
(12517, '2018-11-04', 1, 44),
(12518, '2016-01-31', 2, 42),
(12519, '2016-05-28', 1, 9),
(12520, '2017-12-22', 3, 23),
(12521, '2021-01-31', 4, 35),
(12522, '2021-07-15', 4, 3),
(12523, '2015-09-30', 2, 19),
(12524, '2016-06-11', 4, 31),
(12525, '2015-01-17', 3, 40),
(12526, '2019-11-27', 2, 21),
(12527, '2018-05-18', 5, 11),
(12528, '2019-09-27', 5, 27),
(12529, '2021-11-06', 4, 33),
(12530, '2018-09-13', 5, 49),
(12531, '2021-09-25', 2, 37),
(12532, '2015-01-21', 2, 1),
(12533, '2019-08-17', 5, 46),
(12534, '2015-08-06', 3, 41),
(12535, '2020-12-06', 4, 49),
(12536, '2021-05-26', 1, 26),
(12537, '2022-07-20', 4, 37),
(12538, '2017-07-08', 1, 50),
(12539, '2021-08-29', 1, 4),
(12540, '2021-02-15', 2, 6),
(12541, '2023-01-30', 3, 2),
(12542, '2016-05-15', 4, 37),
(12543, '2018-09-23', 4, 37),
(12544, '2017-09-19', 5, 23),
(12545, '2020-06-22', 4, 44),
(12546, '2019-10-14', 5, 14),
(12547, '2022-02-21', 3, 17),
(12548, '2018-07-26', 2, 29),
(12549, '2019-02-12', 5, 25),
(12550, '2019-09-03', 5, 11),
(12551, '2022-11-05', 5, 44),
(12552, '2021-08-15', 1, 2),
(12553, '2017-03-11', 4, 40),
(12554, '2018-05-24', 3, 15),
(12555, '2015-03-30', 3, 14),
(12556, '2022-12-26', 2, 1),
(12557, '2018-03-12', 3, 9),
(12558, '2018-04-24', 3, 34),
(12559, '2015-12-05', 3, 28),
(12560, '2021-09-28', 4, 19),
(12561, '2020-12-18', 2, 16),
(12562, '2019-06-14', 3, 22),
(12563, '2020-04-18', 2, 18),
(12564, '2015-07-05', 4, 50),
(12565, '2019-02-02', 1, 12),
(12566, '2017-04-26', 1, 38),
(12567, '2021-09-22', 1, 29),
(12568, '2017-07-20', 1, 8),
(12569, '2018-03-10', 4, 25),
(12570, '2023-01-14', 4, 49),
(12571, '2016-09-08', 1, 24),
(12572, '2021-09-26', 3, 26),
(12573, '2016-08-18', 1, 27),
(12574, '2017-11-16', 1, 23),
(12575, '2017-10-12', 1, 5),
(12576, '2016-09-01', 3, 17),
(12577, '2015-08-02', 5, 15),
(12578, '2023-12-09', 3, 45),
(12579, '2019-02-04', 3, 50),
(12580, '2021-03-10', 4, 9),
(12581, '2019-03-04', 2, 38),
(12582, '2018-10-25', 2, 34),
(12583, '2016-04-15', 4, 35),
(12584, '2022-11-07', 5, 32),
(12585, '2020-01-21', 2, 18),
(12586, '2018-08-11', 1, 19),
(12587, '2018-06-14', 2, 41),
(12588, '2023-01-19', 5, 48),
(12589, '2018-02-14', 5, 17),
(12590, '2017-03-24', 5, 46),
(12591, '2023-09-21', 3, 24),
(12592, '2018-01-24', 3, 45),
(12593, '2019-09-18', 5, 49),
(12594, '2021-03-01', 1, 35),
(12595, '2022-03-10', 5, 18),
(12596, '2022-06-03', 5, 9),
(12597, '2016-08-13', 5, 15),
(12598, '2020-11-01', 5, 26),
(12599, '2019-08-09', 2, 18),
(12600, '2017-08-18', 5, 6),
(12601, '2021-08-28', 2, 24),
(12602, '2017-01-22', 5, 40),
(12603, '2023-12-10', 2, 37),
(12604, '2023-08-10', 5, 6),
(12605, '2023-10-16', 4, 37),
(12606, '2020-12-12', 2, 7),
(12607, '2015-01-26', 4, 47),
(12608, '2019-07-23', 2, 19),
(12609, '2019-09-18', 1, 7),
(12610, '2022-09-14', 3, 32),
(12611, '2017-11-14', 5, 5),
(12612, '2016-02-08', 4, 26),
(12613, '2020-09-11', 1, 13),
(12614, '2023-06-28', 3, 50),
(12615, '2018-06-27', 5, 27),
(12616, '2019-10-16', 5, 25),
(12617, '2019-03-25', 5, 25),
(12618, '2017-09-10', 1, 45),
(12619, '2023-02-12', 3, 17),
(12620, '2020-01-06', 1, 29),
(12621, '2020-02-16', 5, 2),
(12622, '2023-12-22', 1, 47),
(12623, '2021-05-23', 1, 17),
(12624, '2020-04-25', 1, 48);
INSERT INTO `objednavka` (`objednavka_id`, `objednavka_datum`, `platba_platba_id`, `uzivatel_uzivatel_id`) VALUES
(12625, '2022-04-23', 5, 34),
(12626, '2016-10-12', 4, 31),
(12627, '2020-11-19', 1, 44),
(12628, '2019-07-17', 5, 24),
(12629, '2018-09-07', 3, 25),
(12630, '2023-04-23', 2, 39),
(12631, '2016-09-18', 5, 26),
(12632, '2022-08-12', 5, 25),
(12633, '2021-03-24', 5, 44),
(12634, '2023-04-29', 5, 25),
(12635, '2018-09-17', 5, 41),
(12636, '2020-05-12', 1, 11),
(12637, '2019-01-09', 1, 36),
(12638, '2015-01-15', 5, 32),
(12639, '2018-11-06', 4, 33),
(12640, '2017-01-09', 5, 7),
(12641, '2019-03-05', 5, 39),
(12642, '2018-12-26', 4, 27),
(12643, '2019-09-16', 1, 49),
(12644, '2020-08-12', 2, 26),
(12645, '2017-04-25', 3, 50),
(12646, '2017-04-26', 3, 5),
(12647, '2019-02-04', 2, 21),
(12648, '2023-10-01', 3, 22),
(12649, '2023-12-07', 1, 17),
(12650, '2020-02-08', 1, 40),
(12651, '2023-04-13', 2, 5),
(12652, '2020-03-10', 1, 42),
(12653, '2019-12-13', 5, 5),
(12654, '2020-03-25', 1, 17),
(12655, '2017-05-15', 5, 24),
(12656, '2023-12-14', 3, 18),
(12657, '2022-06-13', 5, 37),
(12658, '2017-04-24', 3, 31),
(12659, '2018-01-19', 2, 22),
(12660, '2016-05-28', 2, 34),
(12661, '2018-12-03', 1, 39),
(12662, '2023-03-28', 1, 42),
(12663, '2022-05-20', 4, 45),
(12664, '2015-10-01', 4, 40),
(12665, '2019-08-09', 4, 50),
(12666, '2022-06-11', 1, 48),
(12667, '2021-08-13', 2, 2),
(12668, '2017-02-21', 2, 47),
(12669, '2021-02-17', 4, 9),
(12670, '2023-05-12', 1, 35),
(12671, '2016-09-24', 3, 42),
(12672, '2017-03-03', 2, 39),
(12673, '2020-10-15', 4, 14),
(12674, '2023-03-11', 2, 17),
(12675, '2020-09-04', 2, 1),
(12676, '2020-02-27', 3, 1),
(12677, '2016-01-09', 1, 37),
(12678, '2020-12-05', 3, 10),
(12679, '2017-08-28', 4, 39),
(12680, '2018-11-29', 3, 11),
(12681, '2019-12-27', 4, 38),
(12682, '2018-02-10', 2, 8),
(12683, '2020-07-04', 4, 43),
(12684, '2015-10-30', 3, 25),
(12685, '2019-05-23', 2, 41),
(12686, '2018-05-19', 2, 50),
(12687, '2015-12-12', 5, 41),
(12688, '2019-02-10', 2, 11),
(12689, '2018-03-09', 3, 18),
(12690, '2023-10-23', 1, 21),
(12691, '2020-01-23', 2, 35),
(12692, '2022-12-16', 1, 47),
(12693, '2016-10-12', 1, 37),
(12694, '2022-01-15', 1, 48),
(12695, '2023-09-29', 4, 17),
(12696, '2020-04-25', 5, 22),
(12697, '2021-05-07', 2, 6),
(12698, '2023-04-15', 2, 38),
(12699, '2020-02-15', 1, 6),
(12700, '2022-07-22', 4, 49),
(12701, '2023-12-16', 3, 35),
(12702, '2021-12-01', 5, 29),
(12703, '2015-12-18', 1, 37),
(12704, '2020-04-29', 3, 16),
(12705, '2022-12-02', 1, 13),
(12706, '2016-02-14', 1, 49),
(12707, '2019-06-05', 3, 16),
(12708, '2015-11-13', 4, 34),
(12709, '2021-10-21', 3, 28),
(12710, '2020-07-07', 1, 47),
(12711, '2017-05-20', 1, 4),
(12712, '2023-08-16', 1, 49),
(12713, '2019-05-10', 4, 36),
(12714, '2020-02-12', 2, 43),
(12715, '2019-08-31', 5, 16),
(12716, '2021-02-17', 2, 36),
(12717, '2020-09-27', 4, 32),
(12718, '2016-11-11', 2, 46),
(12719, '2017-10-31', 4, 37),
(12720, '2021-11-06', 4, 11),
(12721, '2018-02-19', 4, 30),
(12722, '2019-03-06', 5, 21),
(12723, '2018-10-17', 1, 27),
(12724, '2016-01-03', 5, 13),
(12725, '2020-08-10', 3, 36),
(12726, '2022-07-18', 4, 41),
(12727, '2016-04-25', 4, 38),
(12728, '2022-12-01', 5, 39),
(12729, '2016-11-26', 4, 3),
(12730, '2016-05-28', 1, 26),
(12731, '2019-08-03', 2, 21),
(12732, '2018-09-18', 4, 14),
(12733, '2018-09-13', 5, 24),
(12734, '2015-04-09', 3, 38),
(12735, '2016-11-05', 4, 20),
(12736, '2015-04-28', 5, 28),
(12737, '2016-03-18', 5, 16),
(12738, '2021-02-16', 3, 21),
(12739, '2020-06-26', 3, 41),
(12740, '2015-10-18', 3, 9),
(12741, '2021-11-03', 4, 33),
(12742, '2021-12-29', 3, 29),
(12743, '2021-08-02', 1, 28),
(12744, '2016-11-03', 4, 24),
(12745, '2016-05-03', 5, 4),
(12746, '2023-08-26', 2, 41),
(12747, '2017-10-01', 5, 31),
(12748, '2020-06-27', 2, 48),
(12749, '2020-10-13', 2, 15),
(12750, '2018-01-03', 5, 33),
(12751, '2016-11-27', 4, 22),
(12752, '2015-09-05', 5, 50),
(12753, '2016-10-16', 2, 40),
(12754, '2016-09-17', 5, 29),
(12755, '2023-08-08', 5, 20),
(12756, '2015-05-09', 5, 15),
(12757, '2015-05-08', 4, 6),
(12758, '2019-11-29', 1, 4),
(12759, '2023-11-13', 1, 46),
(12760, '2021-05-17', 4, 30),
(12761, '2019-02-10', 3, 32),
(12762, '2018-02-10', 4, 47),
(12763, '2018-04-22', 4, 44),
(12764, '2021-09-10', 2, 30),
(12765, '2023-11-07', 1, 18),
(12766, '2016-11-25', 3, 29),
(12767, '2016-05-01', 4, 10),
(12768, '2018-10-29', 5, 7),
(12769, '2017-01-10', 2, 12),
(12770, '2018-08-19', 4, 49),
(12771, '2015-04-10', 3, 35),
(12772, '2019-08-14', 5, 10),
(12773, '2020-07-17', 4, 13),
(12774, '2019-04-07', 4, 12),
(12775, '2019-02-05', 2, 41),
(12776, '2015-02-08', 5, 17),
(12777, '2021-11-28', 4, 47),
(12778, '2019-07-08', 2, 46),
(12779, '2023-06-20', 5, 12),
(12780, '2015-03-30', 1, 43),
(12781, '2020-04-24', 4, 17),
(12782, '2018-04-25', 5, 34),
(12783, '2019-10-27', 2, 35),
(12784, '2023-09-04', 4, 50),
(12785, '2023-05-07', 2, 38),
(12786, '2015-01-15', 4, 29),
(12787, '2016-07-06', 5, 36),
(12788, '2023-09-04', 3, 8),
(12789, '2018-05-14', 3, 40),
(12790, '2023-06-13', 1, 44),
(12791, '2015-01-09', 1, 43),
(12792, '2020-11-08', 5, 45),
(12793, '2019-06-17', 1, 28),
(12794, '2018-07-22', 2, 21),
(12795, '2016-01-03', 1, 25),
(12796, '2023-02-15', 3, 48),
(12797, '2016-02-27', 5, 38),
(12798, '2019-11-13', 4, 49),
(12799, '2018-08-21', 1, 20),
(12800, '2019-11-10', 2, 6),
(12801, '2016-11-07', 2, 26),
(12802, '2022-02-15', 2, 20),
(12803, '2018-12-31', 5, 48),
(12804, '2017-06-04', 2, 48),
(12805, '2023-03-15', 4, 14),
(12806, '2015-05-15', 1, 11),
(12807, '2022-10-12', 4, 45),
(12808, '2015-11-19', 1, 24),
(12809, '2020-02-14', 5, 37),
(12810, '2022-09-30', 1, 31),
(12811, '2016-12-08', 2, 20),
(12812, '2018-04-22', 5, 20),
(12813, '2023-02-19', 2, 24),
(12814, '2018-06-24', 2, 44),
(12815, '2019-05-01', 3, 37),
(12816, '2018-09-13', 3, 16),
(12817, '2022-11-29', 2, 3),
(12818, '2016-04-01', 1, 25),
(12819, '2023-04-08', 1, 23),
(12820, '2017-08-23', 1, 50),
(12821, '2015-01-05', 1, 32),
(12822, '2015-10-04', 3, 43),
(12823, '2020-12-15', 3, 41),
(12824, '2019-08-03', 3, 17),
(12825, '2017-09-28', 5, 20),
(12826, '2023-01-28', 3, 3),
(12827, '2021-02-06', 5, 2),
(12828, '2017-03-09', 5, 17),
(12829, '2018-01-27', 5, 49),
(12830, '2019-09-25', 5, 44),
(12831, '2017-07-01', 5, 7),
(12832, '2016-03-20', 3, 4),
(12833, '2022-02-07', 1, 4),
(12834, '2015-11-20', 4, 44),
(12835, '2021-05-16', 2, 24),
(12836, '2018-02-19', 5, 18),
(12837, '2021-06-17', 2, 29),
(12838, '2016-09-16', 4, 29),
(12839, '2019-10-11', 3, 12),
(12840, '2019-04-01', 4, 21),
(12841, '2023-11-15', 2, 21),
(12842, '2020-04-28', 1, 2),
(12843, '2023-11-16', 3, 15),
(12844, '2019-01-31', 1, 14),
(12845, '2016-12-13', 5, 21),
(12846, '2020-02-29', 3, 1),
(12847, '2017-12-15', 2, 5),
(12848, '2022-09-01', 3, 48),
(12849, '2023-04-09', 5, 27),
(12850, '2017-12-18', 4, 19),
(12851, '2015-01-01', 4, 33),
(12852, '2019-08-26', 3, 15),
(12853, '2021-06-25', 3, 4),
(12854, '2021-12-22', 4, 49),
(12855, '2018-07-30', 2, 42),
(12856, '2018-02-04', 3, 42),
(12857, '2020-02-18', 1, 17),
(12858, '2022-01-18', 5, 25),
(12859, '2019-04-07', 4, 47),
(12860, '2019-01-24', 2, 9),
(12861, '2018-03-01', 4, 35),
(12862, '2017-06-16', 3, 10),
(12863, '2017-08-05', 5, 49),
(12864, '2015-01-29', 5, 35),
(12865, '2023-07-04', 5, 1),
(12866, '2015-05-21', 3, 46),
(12867, '2023-11-23', 5, 25),
(12868, '2015-03-23', 5, 31),
(12869, '2017-12-19', 1, 41),
(12870, '2021-10-12', 4, 26),
(12871, '2019-03-09', 5, 18),
(12872, '2020-05-09', 3, 12),
(12873, '2017-11-17', 3, 49),
(12874, '2018-03-29', 2, 19),
(12875, '2022-03-13', 2, 3),
(12876, '2016-09-18', 2, 45),
(12877, '2017-06-19', 3, 15),
(12878, '2020-05-11', 3, 15),
(12879, '2023-03-27', 1, 47),
(12880, '2016-06-03', 3, 36),
(12881, '2020-03-31', 1, 46),
(12882, '2019-06-08', 1, 37),
(12883, '2019-01-14', 4, 6),
(12884, '2023-03-01', 3, 21),
(12885, '2019-01-22', 3, 43),
(12886, '2016-03-17', 1, 19),
(12887, '2023-03-08', 1, 19),
(12888, '2021-01-05', 1, 25),
(12889, '2017-12-13', 1, 22),
(12890, '2018-08-19', 4, 32),
(12891, '2018-06-20', 1, 19),
(12892, '2023-01-10', 3, 25),
(12893, '2018-03-18', 1, 17),
(12894, '2021-09-11', 1, 48),
(12895, '2021-04-15', 1, 4),
(12896, '2015-05-22', 1, 7),
(12897, '2019-06-20', 5, 8),
(12898, '2022-03-08', 5, 14),
(12899, '2019-05-30', 4, 35),
(12900, '2017-08-29', 4, 46),
(12901, '2016-07-26', 4, 12),
(12902, '2021-05-14', 5, 16),
(12903, '2019-09-24', 1, 38),
(12904, '2016-09-11', 2, 18),
(12905, '2017-03-05', 1, 50),
(12906, '2020-06-08', 5, 6),
(12907, '2019-06-29', 3, 33),
(12908, '2020-04-07', 1, 9),
(12909, '2021-06-13', 5, 7),
(12910, '2021-01-09', 2, 2),
(12911, '2021-04-26', 4, 3),
(12912, '2023-11-10', 4, 40),
(12913, '2019-12-14', 1, 3),
(12914, '2022-12-24', 4, 28),
(12915, '2020-01-27', 4, 6),
(12916, '2021-10-23', 3, 33),
(12917, '2023-06-01', 3, 46),
(12918, '2021-12-14', 2, 44),
(12919, '2020-12-26', 1, 18),
(12920, '2020-08-11', 1, 3),
(12921, '2018-08-23', 4, 36),
(12922, '2020-04-17', 2, 50),
(12923, '2022-09-30', 2, 32),
(12924, '2016-01-11', 4, 5),
(12925, '2015-12-30', 5, 5),
(12926, '2018-02-21', 4, 19),
(12927, '2016-12-27', 3, 25),
(12928, '2018-07-18', 4, 5),
(12929, '2020-06-09', 3, 42),
(12930, '2021-07-21', 3, 41),
(12931, '2023-09-11', 5, 23),
(12932, '2021-05-07', 1, 10),
(12933, '2020-03-08', 2, 33),
(12934, '2020-10-21', 5, 12),
(12935, '2022-08-06', 4, 47),
(12936, '2021-06-15', 4, 13),
(12937, '2023-06-05', 2, 25),
(12938, '2016-05-25', 1, 29),
(12939, '2023-10-23', 5, 15),
(12940, '2022-09-17', 5, 17),
(12941, '2016-02-16', 5, 49),
(12942, '2015-04-22', 4, 43),
(12943, '2015-05-24', 3, 30),
(12944, '2023-04-19', 1, 1),
(12945, '2022-06-13', 5, 28),
(12946, '2016-02-18', 3, 18),
(12947, '2018-04-20', 2, 22),
(12948, '2017-06-14', 1, 24),
(12949, '2022-09-19', 3, 36),
(12950, '2023-03-09', 4, 19),
(12951, '2021-10-29', 3, 32),
(12952, '2016-04-11', 2, 26),
(12953, '2018-03-03', 4, 29),
(12954, '2022-11-21', 3, 4),
(12955, '2022-04-18', 4, 28),
(12956, '2017-09-05', 1, 4),
(12957, '2020-09-19', 5, 29),
(12958, '2016-06-19', 4, 7),
(12959, '2018-04-26', 1, 9),
(12960, '2023-04-12', 3, 41),
(12961, '2015-07-17', 4, 20),
(12962, '2020-11-15', 1, 23),
(12963, '2021-11-06', 5, 6),
(12964, '2019-07-05', 5, 11),
(12965, '2023-02-19', 3, 20),
(12966, '2019-01-06', 1, 10),
(12967, '2018-05-13', 3, 6),
(12968, '2020-03-25', 4, 6),
(12969, '2021-03-18', 5, 44),
(12970, '2023-10-07', 4, 47),
(12971, '2016-10-16', 1, 29),
(12972, '2021-12-25', 2, 19),
(12973, '2015-04-02', 3, 7),
(12974, '2018-12-05', 3, 2),
(12975, '2020-12-14', 4, 34),
(12976, '2019-10-23', 5, 15),
(12977, '2016-03-22', 5, 40),
(12978, '2022-04-11', 1, 49),
(12979, '2020-08-30', 4, 28),
(12980, '2021-05-26', 2, 38),
(12981, '2016-03-21', 3, 47),
(12982, '2016-05-08', 1, 23),
(12983, '2022-12-24', 3, 6),
(12984, '2020-12-24', 5, 9),
(12985, '2016-04-21', 3, 49),
(12986, '2015-05-27', 3, 36),
(12987, '2019-07-11', 5, 33),
(12988, '2023-06-18', 2, 24),
(12989, '2023-10-19', 3, 31),
(12990, '2018-01-15', 2, 30),
(12991, '2022-10-27', 4, 32),
(12992, '2023-02-07', 2, 16),
(12993, '2017-07-28', 2, 9),
(12994, '2021-04-27', 5, 21),
(12995, '2023-08-22', 2, 16),
(12996, '2019-12-30', 2, 21),
(12997, '2018-11-05', 2, 26),
(12998, '2023-11-03', 5, 1),
(12999, '2016-09-14', 1, 26),
(13000, '2020-04-26', 1, 38),
(13001, '2022-03-13', 3, 33),
(13002, '2017-09-12', 2, 41),
(13003, '2017-07-24', 3, 15),
(13004, '2019-08-09', 5, 10),
(13005, '2017-03-06', 2, 40),
(13006, '2016-08-25', 3, 14),
(13007, '2017-04-13', 4, 36),
(13008, '2020-04-15', 5, 45),
(13009, '2022-09-02', 5, 47),
(13010, '2021-01-18', 4, 37),
(13011, '2023-05-29', 4, 14),
(13012, '2018-07-11', 3, 28),
(13013, '2019-03-01', 5, 47),
(13014, '2022-04-02', 2, 35),
(13015, '2019-10-28', 2, 1),
(13016, '2021-07-22', 2, 29),
(13017, '2016-12-30', 1, 2),
(13018, '2022-03-22', 4, 28),
(13019, '2023-11-12', 4, 19),
(13020, '2020-10-23', 3, 36),
(13021, '2018-03-30', 1, 23),
(13022, '2021-02-23', 5, 44),
(13023, '2022-09-03', 2, 20),
(13024, '2019-05-10', 1, 21),
(13025, '2018-12-27', 3, 43),
(13026, '2021-10-01', 5, 25),
(13027, '2015-05-11', 1, 4),
(13028, '2018-05-28', 3, 10),
(13029, '2016-11-29', 3, 10),
(13030, '2019-04-28', 3, 30),
(13031, '2023-05-04', 5, 38),
(13032, '2019-01-21', 5, 46),
(13033, '2015-08-08', 5, 44),
(13034, '2019-10-05', 5, 40),
(13035, '2015-08-06', 1, 15),
(13036, '2015-02-13', 4, 24),
(13037, '2015-12-25', 2, 8),
(13038, '2015-11-24', 5, 9),
(13039, '2023-09-05', 5, 38),
(13040, '2018-07-04', 5, 48),
(13041, '2017-08-23', 4, 8),
(13042, '2022-06-05', 5, 24),
(13043, '2021-03-12', 3, 44),
(13044, '2015-11-13', 1, 49),
(13045, '2016-12-24', 1, 24),
(13046, '2023-07-18', 2, 38),
(13047, '2019-12-13', 3, 48),
(13048, '2023-02-27', 1, 46),
(13049, '2018-08-24', 1, 29),
(13050, '2017-06-23', 4, 21),
(13051, '2021-10-05', 2, 35),
(13052, '2020-07-19', 5, 1),
(13053, '2017-10-03', 1, 31),
(13054, '2017-04-24', 5, 31),
(13055, '2017-08-17', 3, 3),
(13056, '2016-06-06', 4, 12),
(13057, '2023-08-27', 4, 25),
(13058, '2020-10-13', 4, 42),
(13059, '2017-12-16', 2, 48),
(13060, '2015-04-09', 3, 8),
(13061, '2016-06-06', 3, 44),
(13062, '2022-12-06', 5, 24),
(13063, '2018-03-11', 1, 28),
(13064, '2019-09-06', 2, 4),
(13065, '2016-06-24', 5, 17),
(13066, '2019-10-22', 5, 35),
(13067, '2021-01-19', 4, 19),
(13068, '2021-11-24', 1, 45),
(13069, '2016-01-24', 1, 31),
(13070, '2022-06-25', 2, 15),
(13071, '2022-12-14', 2, 41),
(13072, '2021-03-13', 5, 22),
(13073, '2018-11-02', 1, 25),
(13074, '2020-04-21', 5, 20),
(13075, '2023-06-18', 5, 48),
(13076, '2018-03-08', 3, 38),
(13077, '2015-02-11', 3, 40),
(13078, '2020-08-02', 5, 28),
(13079, '2016-02-02', 2, 37),
(13080, '2018-01-28', 3, 3),
(13081, '2016-01-21', 5, 2),
(13082, '2015-08-11', 5, 33),
(13083, '2016-09-04', 5, 6),
(13084, '2017-02-03', 1, 22),
(13085, '2016-01-18', 4, 36),
(13086, '2023-05-14', 3, 22),
(13087, '2023-01-13', 2, 39),
(13088, '2018-08-24', 4, 29),
(13089, '2020-10-09', 5, 34),
(13090, '2019-12-20', 4, 14),
(13091, '2016-08-03', 2, 45),
(13092, '2017-03-25', 4, 1),
(13093, '2020-12-27', 1, 34),
(13094, '2017-02-21', 4, 28),
(13095, '2017-12-02', 4, 27),
(13096, '2022-07-23', 5, 45),
(13097, '2022-10-24', 4, 13),
(13098, '2022-03-19', 2, 13),
(13099, '2015-03-30', 2, 50),
(13100, '2020-05-22', 3, 19),
(13101, '2022-05-30', 3, 24),
(13102, '2022-07-25', 4, 19),
(13103, '2017-06-30', 5, 31),
(13104, '2018-01-09', 3, 16),
(13105, '2022-10-17', 3, 46),
(13106, '2016-12-13', 1, 36),
(13107, '2018-02-27', 2, 40),
(13108, '2019-12-17', 1, 21),
(13109, '2016-09-20', 4, 12),
(13110, '2019-09-08', 4, 1),
(13111, '2020-04-08', 1, 11),
(13112, '2015-04-23', 4, 41),
(13113, '2017-03-21', 2, 6),
(13114, '2019-09-18', 2, 22),
(13115, '2017-10-11', 5, 36),
(13116, '2022-07-15', 4, 32),
(13117, '2022-12-14', 5, 42),
(13118, '2015-09-29', 1, 12),
(13119, '2015-12-11', 2, 46),
(13120, '2019-07-12', 1, 30),
(13121, '2020-08-27', 4, 20),
(13122, '2017-12-21', 4, 27),
(13123, '2022-06-01', 3, 15),
(13124, '2023-07-01', 4, 21),
(13125, '2019-02-23', 4, 43),
(13126, '2019-04-26', 2, 16),
(13127, '2016-06-15', 1, 49),
(13128, '2015-12-05', 2, 13),
(13129, '2023-05-22', 1, 9),
(13130, '2017-05-18', 3, 16),
(13131, '2021-02-22', 3, 5),
(13132, '2020-07-17', 2, 30),
(13133, '2019-07-03', 2, 50),
(13134, '2022-12-07', 2, 3),
(13135, '2015-07-16', 5, 49),
(13136, '2015-07-17', 3, 43),
(13137, '2018-05-27', 1, 50),
(13138, '2019-02-17', 4, 13),
(13139, '2020-09-02', 5, 2),
(13140, '2019-10-31', 1, 16),
(13141, '2021-06-14', 3, 39),
(13142, '2015-07-05', 3, 11),
(13143, '2022-11-20', 4, 50),
(13144, '2017-04-12', 2, 39),
(13145, '2018-05-23', 5, 15),
(13146, '2023-05-03', 1, 32),
(13147, '2022-09-20', 4, 42),
(13148, '2019-07-02', 1, 35),
(13149, '2021-06-12', 1, 19),
(13150, '2021-02-04', 4, 5),
(13151, '2022-03-10', 5, 23),
(13152, '2017-04-13', 1, 33),
(13153, '2022-08-16', 4, 29),
(13154, '2015-01-23', 4, 12),
(13155, '2020-01-16', 1, 42),
(13156, '2022-03-26', 4, 22),
(13157, '2023-07-12', 2, 13),
(13158, '2023-08-30', 1, 13),
(13159, '2018-12-19', 3, 26),
(13160, '2019-09-30', 5, 45),
(13161, '2016-05-24', 3, 2),
(13162, '2020-11-01', 1, 7),
(13163, '2020-04-11', 2, 3),
(13164, '2015-08-20', 1, 46),
(13165, '2017-07-06', 2, 2),
(13166, '2016-05-08', 5, 18),
(13167, '2021-01-11', 3, 40),
(13168, '2021-07-29', 3, 25),
(13169, '2016-03-29', 3, 33),
(13170, '2022-03-28', 2, 47),
(13171, '2017-06-22', 5, 25),
(13172, '2022-06-23', 4, 2),
(13173, '2021-12-02', 3, 16),
(13174, '2022-03-24', 3, 17),
(13175, '2017-12-05', 2, 17),
(13176, '2017-03-06', 2, 42),
(13177, '2015-12-07', 5, 50),
(13178, '2023-02-13', 4, 49),
(13179, '2021-03-22', 5, 3),
(13180, '2018-08-29', 3, 45),
(13181, '2023-09-25', 3, 38),
(13182, '2017-11-29', 2, 35),
(13183, '2020-12-07', 3, 27),
(13184, '2017-04-07', 1, 27),
(13185, '2015-11-16', 5, 22),
(13186, '2023-12-06', 1, 26),
(13187, '2018-06-16', 1, 2),
(13188, '2017-02-08', 1, 36),
(13189, '2018-07-23', 4, 15),
(13190, '2019-08-29', 1, 13),
(13191, '2020-06-08', 5, 49),
(13192, '2021-04-29', 1, 6),
(13193, '2019-08-23', 5, 20),
(13194, '2019-08-22', 5, 2),
(13195, '2021-06-09', 5, 12),
(13196, '2022-05-24', 4, 14),
(13197, '2023-12-04', 2, 27),
(13198, '2018-09-08', 3, 28),
(13199, '2016-05-09', 3, 22),
(13200, '2016-01-08', 4, 37),
(13201, '2015-11-01', 2, 44),
(13202, '2015-02-11', 5, 16),
(13203, '2017-01-25', 3, 11),
(13204, '2015-04-06', 3, 30),
(13205, '2021-12-02', 2, 4),
(13206, '2018-01-01', 5, 33),
(13207, '2017-04-22', 4, 20),
(13208, '2023-03-11', 2, 40),
(13209, '2018-11-20', 5, 30),
(13210, '2015-06-30', 4, 39),
(13211, '2016-02-22', 3, 41),
(13212, '2017-08-02', 3, 4),
(13213, '2016-05-07', 4, 13),
(13214, '2023-03-23', 1, 1),
(13215, '2020-09-08', 5, 16),
(13216, '2016-04-30', 5, 49),
(13217, '2021-02-24', 3, 42),
(13218, '2023-12-12', 4, 35),
(13219, '2023-12-03', 4, 17),
(13220, '2019-11-14', 3, 45),
(13221, '2015-08-20', 2, 1),
(13222, '2015-10-13', 4, 30),
(13223, '2018-06-22', 5, 10),
(13224, '2019-05-02', 4, 36),
(13225, '2020-04-01', 2, 2),
(13226, '2015-05-24', 5, 3),
(13227, '2020-12-30', 1, 45),
(13228, '2018-11-15', 3, 37),
(13229, '2018-09-15', 4, 35),
(13230, '2023-10-13', 5, 20),
(13231, '2022-08-09', 4, 45),
(13232, '2015-01-16', 4, 27),
(13233, '2015-08-03', 3, 21),
(13234, '2018-02-13', 5, 10),
(13235, '2022-03-05', 2, 22),
(13236, '2019-04-18', 3, 49),
(13237, '2016-02-08', 5, 37),
(13238, '2019-10-22', 2, 1),
(13239, '2019-09-01', 4, 7),
(13240, '2018-07-06', 2, 16),
(13241, '2022-05-11', 5, 42),
(13242, '2021-12-26', 3, 3),
(13243, '2015-12-29', 4, 38),
(13244, '2016-09-10', 2, 40),
(13245, '2023-10-19', 3, 4),
(13246, '2023-05-11', 5, 11),
(13247, '2020-11-14', 5, 2),
(13248, '2019-03-28', 5, 47),
(13249, '2015-10-03', 4, 15),
(13250, '2020-12-02', 4, 15),
(13251, '2016-06-12', 2, 8),
(13252, '2018-06-08', 3, 25),
(13253, '2022-07-05', 4, 41),
(13254, '2018-11-06', 2, 33),
(13255, '2020-05-25', 5, 28),
(13256, '2020-09-27', 1, 12),
(13257, '2017-01-12', 1, 22),
(13258, '2016-12-11', 3, 12),
(13259, '2015-03-01', 2, 28),
(13260, '2019-04-17', 3, 8),
(13261, '2018-05-24', 5, 12),
(13262, '2022-08-03', 4, 19),
(13263, '2022-05-01', 5, 12),
(13264, '2017-08-18', 1, 18),
(13265, '2015-11-28', 2, 19),
(13266, '2020-06-07', 3, 3),
(13267, '2016-02-01', 3, 1),
(13268, '2022-12-07', 4, 35),
(13269, '2017-04-13', 5, 34),
(13270, '2018-05-23', 3, 44),
(13271, '2017-03-12', 1, 34),
(13272, '2016-10-19', 3, 41),
(13273, '2018-12-27', 3, 42),
(13274, '2018-04-26', 5, 23),
(13275, '2019-06-06', 1, 43),
(13276, '2021-12-07', 5, 26),
(13277, '2018-09-01', 2, 29),
(13278, '2017-05-25', 1, 35),
(13279, '2020-02-14', 2, 36),
(13280, '2020-01-30', 4, 16),
(13281, '2015-11-26', 1, 8),
(13282, '2018-01-20', 4, 11),
(13283, '2019-08-12', 1, 41),
(13284, '2017-02-22', 2, 1),
(13285, '2016-01-17', 3, 15),
(13286, '2015-01-17', 2, 10),
(13287, '2020-05-03', 1, 7),
(13288, '2022-08-30', 5, 30),
(13289, '2015-11-28', 2, 8),
(13290, '2018-12-09', 5, 21),
(13291, '2022-06-22', 1, 37),
(13292, '2019-07-07', 5, 12),
(13293, '2015-10-01', 1, 20),
(13294, '2019-12-28', 5, 5),
(13295, '2016-05-25', 2, 44),
(13296, '2018-12-07', 2, 37),
(13297, '2023-03-27', 4, 18),
(13298, '2016-05-14', 4, 14),
(13299, '2015-06-08', 3, 8),
(13300, '2019-07-03', 5, 36),
(13301, '2020-08-13', 1, 39),
(13302, '2023-09-24', 3, 17),
(13303, '2018-04-10', 1, 43),
(13304, '2015-11-05', 2, 12),
(13305, '2020-01-18', 1, 7),
(13306, '2018-06-01', 3, 36),
(13307, '2019-11-25', 5, 6),
(13308, '2018-04-02', 2, 25),
(13309, '2017-08-31', 1, 48),
(13310, '2023-08-02', 5, 36),
(13311, '2023-07-26', 1, 39),
(13312, '2021-03-07', 3, 31),
(13313, '2018-02-13', 4, 31),
(13314, '2017-07-19', 1, 32),
(13315, '2017-12-25', 4, 13),
(13316, '2023-08-23', 1, 29),
(13317, '2016-01-25', 4, 6),
(13318, '2018-06-08', 2, 44),
(13319, '2021-04-24', 5, 29),
(13320, '2019-08-03', 1, 16),
(13321, '2016-08-06', 1, 9),
(13322, '2018-02-08', 2, 42),
(13323, '2021-05-26', 1, 35),
(13324, '2018-03-06', 4, 6),
(13325, '2016-06-27', 2, 43),
(13326, '2018-05-13', 5, 38),
(13327, '2018-04-13', 3, 14),
(13328, '2019-07-29', 1, 37),
(13329, '2019-10-19', 5, 27),
(13330, '2017-06-02', 5, 5),
(13331, '2023-10-24', 2, 47),
(13332, '2019-10-12', 4, 33),
(13333, '2019-01-15', 3, 38),
(13334, '2021-05-04', 5, 32),
(13335, '2016-11-13', 2, 16),
(13336, '2017-10-23', 5, 16),
(13337, '2022-10-27', 4, 4),
(13338, '2020-07-22', 3, 41),
(13339, '2017-08-15', 3, 44),
(13340, '2015-04-20', 5, 1),
(13341, '2015-03-02', 5, 14),
(13342, '2021-05-20', 5, 27),
(13343, '2017-01-01', 1, 28),
(13344, '2015-06-12', 2, 21),
(13345, '2017-08-29', 1, 24),
(13346, '2016-03-25', 4, 41),
(13347, '2021-09-09', 1, 30),
(13348, '2015-06-27', 2, 38),
(13349, '2023-12-25', 5, 34),
(13350, '2023-04-06', 3, 12),
(13351, '2020-03-15', 3, 23),
(13352, '2019-01-05', 4, 37),
(13353, '2018-08-30', 1, 5),
(13354, '2018-11-03', 3, 16),
(13355, '2019-08-18', 4, 50),
(13356, '2016-10-24', 2, 8),
(13357, '2017-04-28', 5, 20),
(13358, '2019-10-02', 2, 15),
(13359, '2015-04-23', 3, 43),
(13360, '2020-10-13', 3, 21),
(13361, '2019-01-02', 3, 11),
(13362, '2015-01-30', 2, 42),
(13363, '2020-04-24', 1, 35),
(13364, '2023-10-11', 4, 25),
(13365, '2018-04-18', 1, 7),
(13366, '2019-04-04', 5, 28),
(13367, '2019-09-04', 1, 38),
(13368, '2015-10-05', 3, 6),
(13369, '2016-01-26', 5, 11),
(13370, '2023-09-01', 4, 26),
(13371, '2022-07-20', 3, 42),
(13372, '2018-04-12', 1, 31),
(13373, '2015-10-13', 5, 10),
(13374, '2021-08-21', 3, 1),
(13375, '2018-08-03', 2, 30),
(13376, '2015-07-15', 2, 35),
(13377, '2023-10-04', 1, 19),
(13378, '2017-10-31', 3, 26),
(13379, '2018-08-22', 1, 13),
(13380, '2017-06-26', 2, 17),
(13381, '2019-07-29', 5, 16),
(13382, '2022-01-17', 2, 12),
(13383, '2023-03-22', 4, 40),
(13384, '2017-12-09', 1, 32),
(13385, '2022-12-02', 4, 31),
(13386, '2021-10-02', 4, 48),
(13387, '2022-12-03', 4, 6),
(13388, '2019-06-28', 4, 34),
(13389, '2021-04-22', 1, 34),
(13390, '2019-06-04', 3, 34),
(13391, '2021-08-13', 3, 29),
(13392, '2023-03-09', 1, 1),
(13393, '2019-10-26', 3, 36),
(13394, '2018-10-05', 4, 28),
(13395, '2015-03-06', 2, 49),
(13396, '2022-04-13', 2, 46),
(13397, '2016-05-20', 2, 26),
(13398, '2016-05-27', 5, 31),
(13399, '2022-02-09', 4, 35),
(13400, '2020-06-04', 4, 47),
(13401, '2020-09-16', 2, 3),
(13402, '2015-07-07', 3, 15),
(13403, '2016-11-29', 3, 3),
(13404, '2023-01-05', 4, 38),
(13405, '2020-09-26', 5, 32),
(13406, '2019-03-08', 5, 7),
(13407, '2020-12-20', 4, 20),
(13408, '2021-12-20', 1, 9),
(13409, '2020-02-14', 3, 38),
(13410, '2018-10-08', 5, 5),
(13411, '2023-08-07', 2, 40),
(13412, '2017-01-23', 5, 48),
(13413, '2021-07-16', 1, 22),
(13414, '2022-12-04', 2, 48),
(13415, '2022-10-10', 4, 8),
(13416, '2021-01-18', 2, 19),
(13417, '2018-11-22', 4, 20),
(13418, '2016-12-28', 5, 43),
(13419, '2022-08-22', 2, 9),
(13420, '2022-07-02', 2, 28),
(13421, '2021-03-21', 1, 39),
(13422, '2018-03-01', 2, 39),
(13423, '2018-03-04', 2, 41),
(13424, '2015-06-06', 3, 16),
(13425, '2018-02-06', 4, 9),
(13426, '2017-10-09', 5, 42),
(13427, '2022-05-11', 3, 6),
(13428, '2022-08-30', 2, 4),
(13429, '2022-06-11', 5, 50),
(13430, '2022-07-19', 3, 6),
(13431, '2017-07-06', 3, 11),
(13432, '2015-09-10', 1, 31),
(13433, '2022-04-05', 5, 24),
(13434, '2015-02-21', 2, 3),
(13435, '2023-05-06', 5, 15),
(13436, '2020-06-21', 3, 43),
(13437, '2022-09-03', 4, 2),
(13438, '2018-05-18', 3, 23),
(13439, '2015-11-30', 5, 16),
(13440, '2017-08-07', 1, 29),
(13441, '2022-05-21', 1, 11),
(13442, '2018-03-16', 4, 5),
(13443, '2017-10-05', 4, 31),
(13444, '2016-08-16', 2, 34),
(13445, '2017-06-07', 4, 1),
(13446, '2022-03-18', 1, 37),
(13447, '2021-08-14', 1, 42),
(13448, '2018-10-30', 1, 14),
(13449, '2022-03-18', 1, 47),
(13450, '2015-05-15', 3, 43),
(13451, '2019-06-29', 4, 39),
(13452, '2020-09-09', 3, 14),
(13453, '2016-08-06', 4, 40),
(13454, '2015-10-26', 4, 10),
(13455, '2022-05-31', 2, 46),
(13456, '2021-07-09', 1, 10),
(13457, '2022-06-04', 2, 20),
(13458, '2016-06-24', 3, 17),
(13459, '2021-09-27', 3, 17),
(13460, '2016-01-31', 3, 35),
(13461, '2018-01-24', 5, 1),
(13462, '2021-09-01', 5, 17),
(13463, '2021-04-14', 2, 18),
(13464, '2023-03-28', 2, 17),
(13465, '2016-06-15', 3, 17),
(13466, '2023-07-11', 3, 7),
(13467, '2016-09-02', 5, 13),
(13468, '2020-05-05', 4, 14),
(13469, '2018-09-08', 5, 49),
(13470, '2022-12-31', 5, 33),
(13471, '2020-09-22', 3, 28),
(13472, '2016-01-16', 2, 4),
(13473, '2020-12-17', 5, 22),
(13474, '2016-06-14', 4, 33),
(13475, '2023-07-18', 4, 20),
(13476, '2015-04-17', 1, 44),
(13477, '2016-02-21', 3, 5),
(13478, '2016-06-09', 3, 16),
(13479, '2022-03-09', 3, 43),
(13480, '2023-05-17', 3, 48),
(13481, '2023-11-12', 3, 47),
(13482, '2020-06-02', 2, 18),
(13483, '2023-01-27', 4, 32),
(13484, '2019-09-23', 1, 11),
(13485, '2023-12-11', 3, 49),
(13486, '2023-04-17', 3, 48),
(13487, '2018-12-17', 4, 6),
(13488, '2023-11-08', 5, 15),
(13489, '2019-07-10', 1, 8),
(13490, '2022-05-26', 4, 2),
(13491, '2020-07-23', 4, 14),
(13492, '2015-08-12', 5, 41),
(13493, '2017-07-28', 5, 39),
(13494, '2018-01-14', 3, 32),
(13495, '2023-12-27', 4, 41),
(13496, '2022-03-28', 5, 10),
(13497, '2020-11-06', 5, 32),
(13498, '2017-03-08', 4, 2),
(13499, '2021-05-05', 1, 49),
(13500, '2017-06-12', 3, 27),
(13501, '2017-10-09', 5, 18),
(13502, '2016-03-05', 1, 31),
(13503, '2017-06-01', 5, 7),
(13504, '2021-10-07', 3, 35);

-- --------------------------------------------------------

--
-- Struktura tabulky `platba`
--

CREATE TABLE `platba` (
  `platba_id` int(11) NOT NULL,
  `platba_typ` varchar(255) NOT NULL
) ENGINE=InnoDB DEFAULT CHARSET=utf8mb4 COLLATE=utf8mb4_general_ci;

--
-- Vypisuji data pro tabulku `platba`
--

INSERT INTO `platba` (`platba_id`, `platba_typ`) VALUES
(1, 'Kreditní karta'),
(2, 'Debetní karta'),
(3, 'Bankovní převod'),
(4, 'Hotovost'),
(5, 'PayPal'),
(6, 'Kryptoměna'),
(7, 'Platební poukázka'),
(8, 'Šek'),
(9, 'Apple Pay'),
(10, 'Google Pay');

-- --------------------------------------------------------

--
-- Struktura tabulky `produkt`
--

CREATE TABLE `produkt` (
  `produkt_id` int(11) NOT NULL,
  `produkt_nazev` varchar(255) NOT NULL,
  `produkt_popis` text NOT NULL,
  `produkt_cena` decimal(10,0) NOT NULL,
  `produkt_datum_vyroby` date NOT NULL,
  `produkt_typ_dilu` varchar(255) NOT NULL,
  `produkt_foto` varchar(255) DEFAULT NULL,
  `produkt_hmotnost` int(11) DEFAULT NULL,
  `vyrobce_dilu_vyrobce_id` int(11) NOT NULL
) ENGINE=InnoDB DEFAULT CHARSET=utf8mb4 COLLATE=utf8mb4_general_ci;

--
-- Vypisuji data pro tabulku `produkt`
--

INSERT INTO `produkt` (`produkt_id`, `produkt_nazev`, `produkt_popis`, `produkt_cena`, `produkt_datum_vyroby`, `produkt_typ_dilu`, `produkt_foto`, `produkt_hmotnost`, `vyrobce_dilu_vyrobce_id`) VALUES
(205, '45600-1001 TSO-C151a Iridium Spark Plug', 'Iridium spark plug for TSO-C151a certified aircraft', 46, '2024-04-15', 'Spark Plug', '45600-1001_TSO-C151a_Iridium_Spark_Plug_foto.jpg', 0, 7),
(206, 'ACU-10B Altitude Converter Unit', 'Altitude converter unit for aircraft', 105, '2024-04-15', 'Avionics Unit', 'ACU-10B_Altitude_Converter_Unit_foto.jpg', 1, 15),
(207, '052356-001 Carbon Monoxide Detector', 'Carbon monoxide detector for aircraft cabin', 200, '2024-04-15', 'Safety Equipment', '052356-001_Carbon_Monoxide_Detector_foto.jpg', 1, 3),
(208, 'RT-513C Digital Clock', 'Digital clock for aircraft cockpit', 80, '2024-04-15', 'Avionics Unit', 'RT-513C_Digital_Clock_foto.jpg', 0, 11),
(209, 'GRT Avionics HXr EFIS', 'GRT Avionics HXr Electronic Flight Information System', 3495, '2024-04-15', 'EFIS System', 'GRT_Avionics_HXr_EFIS_foto.jpg', 5, 6),
(210, '072-000-00 Wingtip Kit', 'Wingtip kit for aircraft wings', 290, '2024-04-15', 'Aircraft Modification', '072-000-00_Wingtip_Kit_foto.jpg', 1, 20),
(211, 'Inflight 5002-301 CPU', 'Inflight 5002-301 Central Processing Unit', 599, '2024-04-15', 'Avionics Unit', 'Inflight_5002-301_CPU_foto.jpg', 2, 9),
(212, 'Beechcraft 90 Torque Link Assembly', 'Torque link assembly for Beechcraft 90 aircraft', 675, '2024-04-15', 'Aircraft Component', 'Beechcraft_90_Torque_Link_Assembly_foto.jpg', 3, 19),
(213, 'CMM-0012A Maintenance Manual', 'Maintenance manual for aircraft', 50, '2024-04-15', 'Technical Publication', 'CMM-0012A_Maintenance_Manual_foto.jpg', 0, 5),
(214, 'Belite Ultralight Aircraft Kit', 'Belite Ultralight Aircraft Kit with carbon fiber components', 9000, '2024-04-15', 'Aircraft Kit', 'Belite_Ultralight_Aircraft_Kit_foto.jpg', 65, 10),
(215, 'Jeppesen NavData Subscription', 'Annual subscription for Jeppesen NavData database', 399, '2024-04-15', 'Subscription Service', 'Jeppesen_NavData_Subscription_foto.jpg', 0, 13),
(216, 'Lycoming IO-540 Engine', 'Lycoming IO-540 six-cylinder aircraft engine', 28450, '2024-04-15', 'Aircraft Engine', 'Lycoming_IO-540_Engine_foto.jpg', 300, 8),
(217, 'GA-56 GPS Antenna', 'GA-56 GPS Antenna for aircraft navigation', 250, '2024-04-15', 'Avionics Unit', 'GA-56_GPS_Antenna_foto.jpg', 0, 18),
(218, 'VT-101 Vertical Card Compass', 'VT-101 Vertical Card Compass for aircraft', 190, '2024-04-15', 'Avionics Unit', 'VT-101_Vertical_Card_Compass_foto.jpg', 1, 1),
(219, '320-0002-100 Spring P/N', 'Spring part number 320-0002-100 for aircraft', 13, '2024-04-15', 'Aircraft Component', '320-0002-100_Spring_P-N_foto.jpg', 0, 21),
(220, 'G5 Electronic Flight Instrument', 'Garmin G5 Electronic Flight Instrument', 2350, '2024-04-15', 'EFIS System', 'G5_Electronic_Flight_Instrument_foto.jpg', 2, 4),
(221, '1217-001 Stainless Steel Hose Assembly', 'Stainless steel hose assembly for aircraft', 36, '2024-04-15', 'Fluid Line', '1217-001_Stainless_Steel_Hose_Assembly_foto.jpg', 0, 22),
(222, 'ABF-120 Aero Burner Furnace', 'ABF-120 Aero Burner Furnace for aircraft heating', 480, '2024-04-15', 'Heating Unit', 'ABF-120_Aero_Burner_Furnace_foto.jpg', 5, 16),
(223, 'Husky Tailwheel Assembly', 'Tailwheel assembly for Aviat Husky aircraft', 599, '2024-04-15', 'Landing Gear', 'Husky_Tailwheel_Assembly_foto.jpg', 7, 23),
(224, 'Teledyne Continental O-200 Engine', 'Teledyne Continental O-200 four-cylinder aircraft engine', 15950, '2024-04-15', 'Aircraft Engine', 'Teledyne_Continental_O-200_Engine_foto.jpg', 220, 24),
(225, 'AeroVee 2.1 Aircraft Engine', 'AeroVee 2.1 four-cylinder aircraft engine', 8500, '2024-04-15', 'Aircraft Engine', 'AeroVee_2.1_Aircraft_Engine_foto.jpg', 180, 8),
(226, 'AX-5 Altitude Encoder', 'AX-5 Altitude Encoder for aircraft transponder', 235, '2024-04-15', 'Avionics Unit', 'AX-5_Altitude_Encoder_foto.jpg', 1, 15),
(227, 'KG-102A Directional Gyro', 'KG-102A Directional Gyro for aircraft navigation', 895, '2024-04-15', 'Avionics Unit', 'KG-102A_Directional_Gyro_foto.jpg', 1, 11),
(228, 'ACU-800 Altitude Control Unit', 'ACU-800 Altitude Control Unit for aircraft autopilot', 1500, '2024-04-15', 'Autopilot Component', 'ACU-800_Altitude_Control_Unit_foto.jpg', 3, 2),
(229, 'Cleveland 40-50A Brake Assembly', 'Cleveland 40-50A Aircraft Brake Assembly', 300, '2024-04-15', 'Brake Assembly', 'Cleveland_40-50A_Brake_Assembly_foto.jpg', 2, 14),
(230, 'SkyView HDX EFIS System', 'Dynon SkyView HDX Electronic Flight Information System', 4995, '2024-04-15', 'EFIS System', 'SkyView_HDX_EFIS_System_foto.jpg', 4, 6),
(231, '406 MHz ELT', '406 MHz Emergency Locator Transmitter for aircraft', 449, '2024-04-15', 'Safety Equipment', '406_MHz_ELT_foto.jpg', 1, 3),
(232, '12-1042-000-00 Trim Tab Actuator', '12-1042-000-00 Trim Tab Actuator for aircraft control', 325, '2024-04-15', 'Control Actuator', '12-1042-000-00_Trim_Tab_Actuator_foto.jpg', 2, 19),
(233, 'BatteryMINDer 12117 Battery Charger', 'BatteryMINDer 12117 Battery Charger for aircraft', 120, '2024-04-15', 'Battery Charger', 'BatteryMINDer_12117_Battery_Charger_foto.jpg', 1, 5),
(234, 'Whelen Orion 650 Series LED', 'Whelen Orion 650 Series LED Aircraft Wingtip Position Light', 225, '2024-04-15', 'Lighting Unit', 'Whelen_Orion_650_Series_LED_foto.jpg', 0, 10),
(235, '066-50000 Cleveland Brake Disk', '066-50000 Cleveland Aircraft Brake Disk', 60, '2024-04-15', 'Brake Disk', '066-50000_Cleveland_Brake_Disk_foto.jpg', 1, 13),
(236, 'Galaxy GRS5-10 Portable Oxygen System', 'Galaxy GRS5-10 Portable Oxygen System for aircraft', 199, '2024-04-15', 'Oxygen System', 'Galaxy_GRS5-10_Portable_Oxygen_System_foto.jpg', 3, 7),
(237, 'ICOM A25N Handheld Nav/Com Radio', 'ICOM A25N Handheld Nav/Com Radio with GPS', 399, '2024-04-15', 'Avionics Unit', 'ICOM_A25N_Handheld_Nav-Com_Radio_foto.jpg', 1, 12),
(238, 'Aviation Headset AHX-32-02', 'Aviation Headset AHX-32-02 with Active Noise Reduction', 245, '2024-04-15', 'Headset', 'Aviation_Headset_AHX-32-02_foto.jpg', 1, 9),
(239, '5205001-1 Cessna Flap Motor', '5205001-1 Cessna Flap Motor for aircraft', 295, '2024-04-15', 'Flap Motor', '5205001-1_Cessna_Flap_Motor_foto.jpg', 1, 20),
(240, 'Trutrak Vizion Autopilot', 'Trutrak Vizion Autopilot with altitude hold', 2495, '2024-04-15', 'Autopilot System', 'Trutrak_Vizion_Autopilot_foto.jpg', 4, 17),
(241, 'G5 Electronic Attitude Indicator', 'Garmin G5 Electronic Attitude Indicator', 2150, '2024-04-15', 'Avionics Unit', 'G5_Electronic_Attitude_Indicator_foto.jpg', 1, 4),
(242, '12207-000 Brush Holder Assembly', '12207-000 Brush Holder Assembly for aircraft', 20, '2024-04-15', 'Electrical Component', '12207-000_Brush_Holder_Assembly_foto.jpg', 0, 21),
(243, 'RC Allen 2600-2 Attitude Indicator', 'RC Allen 2600-2 Attitude Indicator for aircraft', 675, '2024-04-15', 'Avionics Unit', 'RC_Allen_2600-2_Attitude_Indicator_foto.jpg', 1, 1),
(244, 'TCW Technologies 48V-8D500A Battery', 'TCW Technologies 48V-8D500A Battery for aircraft', 599, '2024-04-15', 'Aircraft Battery', 'TCW_Technologies_48V-8D500A_Battery_foto.jpg', 8, 18),
(245, 'EIS 41000 Aircraft Engine Monitor', 'Electronics International EIS 41000 Aircraft Engine Monitor', 1495, '2024-04-15', 'Engine Monitor', 'EIS_41000_Aircraft_Engine_Monitor_foto.jpg', 1, 16),
(246, 'Aero Trim CTI 101B Trim Tab Actuator', 'Aero Trim CTI 101B Trim Tab Actuator for aircraft control', 395, '2024-04-15', 'Control Actuator', 'Aero_Trim_CTI_101B_Trim_Tab_Actuator_foto.jpg', 2, 23),
(247, 'VP-50 Vertical Power Electronic Circuit Breaker', 'VP-50 Vertical Power Electronic Circuit Breaker for aircraft electrical system', 895, '2024-04-15', 'Circuit Breaker', 'VP-50_Vertical_Power_Electronic_Circuit_Breaker_foto.jpg', 1, 24),
(248, 'PX24 Aircraft Fuel Pump', 'PX24 Aircraft Fuel Pump for general aviation', 375, '2024-04-15', 'Fuel Pump', 'PX24_Aircraft_Fuel_Pump_foto.jpg', 1, 4),
(249, 'TruTrak Servo-42 Autopilot Servo', 'TruTrak Servo-42 Autopilot Servo for aircraft autopilot', 645, '2024-04-15', 'Autopilot Component', 'TruTrak_Servo-42_Autopilot_Servo_foto.jpg', 2, 17),
(250, 'Stratus 3 ADS-B In Receiver', 'Stratus 3 ADS-B In Receiver for aircraft', 699, '2024-04-15', 'Avionics Unit', 'Stratus_3_ADS-B_In_Receiver_foto.jpg', 0, 22),
(251, '4410-1146 Cleveland Brake Lining', '4410-1146 Cleveland Brake Lining for aircraft brake assembly', 30, '2024-04-15', 'Brake Lining', '4410-1146_Cleveland_Brake_Lining_foto.jpg', 0, 13),
(252, 'Sandel SN3500 EHSI', 'Sandel SN3500 Electronic Horizontal Situation Indicator', 4495, '2024-04-15', 'Avionics Unit', 'Sandel_SN3500_EHSI_foto.jpg', 3, 15),
(253, 'iFly 740B GPS Receiver', 'iFly 740B GPS Receiver for aircraft navigation', 1295, '2024-04-15', 'Avionics Unit', 'iFly_740B_GPS_Receiver_foto.jpg', 1, 11),
(254, 'David Clark H10-13.4 Aviation Headset', 'David Clark H10-13.4 Aviation Headset with Noise-Canceling Microphone', 329, '2024-04-15', 'Headset', 'David_Clark_H10-13.4_Aviation_Headset_foto.jpg', 1, 19),
(255, 'XB-12-1 Brackett Air Filter', 'XB-12-1 Brackett Aircraft Engine Air Filter', 30, '2024-04-15', 'Air Filter', 'XB-12-1_Brackett_Air_Filter_foto.jpg', 1, 5),
(256, 'IO-360-B1F Lycoming Aircraft Engine', 'IO-360-B1F Lycoming Aircraft Engine for general aviation', 26995, '2024-04-15', 'Aircraft Engine', 'IO-360-B1F_Lycoming_Aircraft_Engine_foto.jpg', 260, 10),
(257, 'GPSMAP 696 Aviation GPS', 'Garmin GPSMAP 696 Aviation GPS with XM Weather and Radio', 1995, '2024-04-15', 'Avionics Unit', 'GPSMAP_696_Aviation_GPS_foto.jpg', 1, 16),
(258, 'EI UBG-16 Bar Graph Engine Monitor', 'Electronics International UBG-16 Bar Graph Engine Monitor', 799, '2024-04-15', 'Engine Monitor', 'EI_UBG-16_Bar_Graph_Engine_Monitor_foto.jpg', 1, 1),
(259, '102-00008-1 Cessna Flap Actuator', '102-00008-1 Cessna Flap Actuator for aircraft control', 165, '2024-04-15', 'Flap Actuator', '102-00008-1_Cessna_Flap_Actuator_foto.jpg', 1, 20),
(260, 'Whelen ORION650 Series LED', 'Whelen ORION650 Series LED Aircraft Wingtip Position Light', 225, '2024-04-15', 'Lighting Unit', 'Whelen_ORION650_Series_LED_foto.jpg', 0, 8),
(261, 'ICOM IC-A25C Handheld VHF Radio', 'ICOM IC-A25C Handheld VHF Radio with GPS', 399, '2024-04-15', 'Avionics Unit', 'ICOM_IC-A25C_Handheld_VHF_Radio_foto.jpg', 1, 12),
(262, '12174-007 Brush Holder Assembly', '12174-007 Brush Holder Assembly for aircraft', 20, '2024-04-15', 'Electrical Component', '12174-007_Brush_Holder_Assembly_foto.jpg', 0, 21),
(263, 'G2 Electronic Attitude Indicator', 'Garmin G2 Electronic Attitude Indicator', 2150, '2024-04-15', 'Avionics Unit', 'G2_Electronic_Attitude_Indicator_foto.jpg', 1, 3),
(264, '7300-010 Whelen Strobe Power Supply', '7300-010 Whelen Strobe Power Supply for aircraft lighting', 170, '2024-04-15', 'Power Supply', '7300-010_Whelen_Strobe_Power_Supply_foto.jpg', 1, 14),
(265, 'D-1000 Aircraft Engine Analyser', 'Electronics International D-1000 Aircraft Engine Analyser', 649, '2024-04-15', 'Engine Analyser', 'D-1000_Aircraft_Engine_Analyser_foto.jpg', 1, 18),
(266, 'SkyView HDX Display System', 'Dynon SkyView HDX Display System for aircraft cockpit', 3495, '2024-04-15', 'Avionics Unit', 'SkyView_HDX_Display_System_foto.jpg', 3, 16),
(267, 'SkyBeacon ADS-B Out', 'uAvionix SkyBeacon ADS-B Out Solution for aircraft', 1849, '2024-04-15', 'Avionics Unit', 'SkyBeacon_ADS-B_Out_foto.jpg', 1, 24),
(268, 'Davtron M803 Digital Clock', 'Davtron M803 Digital Clock for aircraft panel', 189, '2024-04-15', 'Clock', 'Davtron_M803_Digital_Clock_foto.jpg', 0, 7),
(269, 'Aerolab Altitude Indicator', 'Aerolab Altimeter and Vertical Speed Indicator for aircraft', 265, '2024-04-15', 'Avionics Unit', 'Aerolab_Altitude_Indicator_foto.jpg', 1, 11),
(270, 'Dynon SV-XPNDR-261 Mode S Transponder', 'Dynon SV-XPNDR-261 Mode S Transponder for aircraft', 1995, '2024-04-15', 'Transponder', 'Dynon_SV-XPNDR-261_Mode_S_Transponder_foto.jpg', 1, 21),
(271, 'Aerox 4110-721 Portable Oxygen System', 'Aerox 4110-721 Portable Oxygen System for aircraft', 489, '2024-04-15', 'Oxygen System', 'Aerox_4110-721_Portable_Oxygen_System_foto.jpg', 2, 10),
(272, '152-01200-23 Cessna Fuel Selector Valve', '152-01200-23 Cessna Fuel Selector Valve for aircraft fuel system', 145, '2024-04-15', 'Fuel Selector Valve', '152-01200-23_Cessna_Fuel_Selector_Valve_foto.jpg', 1, 20),
(273, '6425-0005 Aerox Overhaul Kit', '6425-0005 Aerox Overhaul Kit for portable oxygen system', 145, '2024-04-15', 'Overhaul Kit', '6425-0005_Aerox_Overhaul_Kit_foto.jpg', 0, 10),
(274, '1142-5100 Dukes Fuel Pump', '1142-5100 Dukes Fuel Pump for aircraft fuel system', 295, '2024-04-15', 'Fuel Pump', '1142-5100_Dukes_Fuel_Pump_foto.jpg', 1, 6),
(275, 'Aerolab Airspeed Indicator', 'Aerolab Airspeed Indicator for aircraft', 225, '2024-04-15', 'Avionics Unit', 'Aerolab_Airspeed_Indicator_foto.jpg', 1, 11),
(276, 'Garmin GTX 335 ADS-B Out Transponder', 'Garmin GTX 335 ADS-B Out Transponder for aircraft', 3095, '2024-04-15', 'Transponder', 'Garmin_GTX_335_ADS-B_Out_Transponder_foto.jpg', 1, 9),
(277, 'AS-260 Altitude Alerter', 'Mid-Continent Instruments AS-260 Altitude Alerter for aircraft', 499, '2024-04-15', 'Avionics Unit', 'AS-260_Altitude_Alerter_foto.jpg', 0, 13),
(278, '12285-02 Weldon Fuel Pump', '12285-02 Weldon Fuel Pump for aircraft fuel system', 395, '2024-04-15', 'Fuel Pump', '12285-02_Weldon_Fuel_Pump_foto.jpg', 1, 15),
(279, '6010-5006 Cessna Starter Solenoid', '6010-5006 Cessna Starter Solenoid for aircraft engine start system', 45, '2024-04-15', 'Starter Solenoid', '6010-5006_Cessna_Starter_Solenoid_foto.jpg', 0, 20),
(280, 'PX28 Aircraft Fuel Pump', 'PX28 Aircraft Fuel Pump for general aviation', 395, '2024-04-15', 'Fuel Pump', 'PX28_Aircraft_Fuel_Pump_foto.jpg', 1, 4),
(281, 'AT5K Altimeter', 'Aerolab AT5K Altimeter for aircraft', 299, '2024-04-15', 'Avionics Unit', 'AT5K_Altimeter_foto.jpg', 1, 11),
(282, 'Garmin G5 Electronic Flight Instrument', 'Garmin G5 Electronic Flight Instrument for aircraft cockpit', 2395, '2024-04-15', 'Avionics Unit', 'Garmin_G5_Electronic_Flight_Instrument_foto.jpg', 1, 16),
(283, '1031-1 Slick Magneto', '1031-1 Slick Magneto for aircraft engine ignition system', 495, '2024-04-15', 'Magneto', '1031-1_Slick_Magneto_foto.jpg', 2, 22),
(284, 'KMA 30 Audio Panel', 'Garmin KMA 30 Audio Panel for aircraft communication', 2195, '2024-04-15', 'Avionics Unit', 'KMA_30_Audio_Panel_foto.jpg', 1, 16),
(285, 'Garmin GTR 225 COM Radio', 'Garmin GTR 225 COM Radio for aircraft communication', 1995, '2024-04-15', 'Avionics Unit', 'Garmin_GTR_225_COM_Radio_foto.jpg', 1, 16),
(286, 'GMA 350c Bluetooth Audio Panel', 'Garmin GMA 350c Bluetooth Audio Panel for aircraft communication', 3195, '2024-04-15', 'Avionics Unit', 'GMA_350c_Bluetooth_Audio_Panel_foto.jpg', 1, 16),
(287, 'Garmin GTX 345 ADS-B Transponder', 'Garmin GTX 345 ADS-B Transponder for aircraft', 4995, '2024-04-15', 'Transponder', 'Garmin_GTX_345_ADS-B_Transponder_foto.jpg', 1, 16),
(288, 'G5 Backup Attitude Indicator', 'Garmin G5 Backup Attitude Indicator for aircraft cockpit', 2245, '2024-04-15', 'Avionics Unit', 'G5_Backup_Attitude_Indicator_foto.jpg', 1, 16),
(289, 'Lynx NGT-9000+ ADS-B Transponder', 'Lynx NGT-9000+ ADS-B Transponder for aircraft', 4995, '2024-04-15', 'Transponder', 'Lynx_NGT-9000+_ADS-B_Transponder_foto.jpg', 1, 16),
(290, 'GMA 345 Audio Panel', 'Garmin GMA 345 Audio Panel for aircraft communication', 2895, '2024-04-15', 'Avionics Unit', 'GMA_345_Audio_Panel_foto.jpg', 1, 16),
(291, 'KX 165A NAV/COMM', 'Garmin KX 165A NAV/COMM Radio for aircraft communication', 4295, '2024-04-15', 'Avionics Unit', 'KX_165A_NAV_COMM_foto.jpg', 1, 16),
(292, 'GTN 650Xi GPS/NAV/COMM', 'Garmin GTN 650Xi GPS/NAV/COMM Unit for aircraft navigation', 10495, '2024-04-15', 'Avionics Unit', 'GTN_650Xi_GPS_NAV_COMM_foto.jpg', 2, 16),
(293, 'GNC 355 GPS/NAV/COMM', 'Garmin GNC 355 GPS/NAV/COMM Unit for aircraft navigation', 7995, '2024-04-15', 'Avionics Unit', 'GNC_355_GPS_NAV_COMM_foto.jpg', 2, 16),
(294, 'G3X Touch 10.6\" Display', 'Garmin G3X Touch 10.6\" Display for aircraft cockpit', 6995, '2024-04-15', 'Avionics Unit', 'G3X_Touch_10.6_Display_foto.jpg', 1, 16),
(295, 'Aera 760 Portable Aviation GPS', 'Garmin Aera 760 Portable Aviation GPS with Synthetic Vision', 1745, '2024-04-15', 'Avionics Unit', 'Aera_760_Portable_Aviation_GPS_foto.jpg', 1, 16),
(296, 'Garmin GFC 500 Autopilot', 'Garmin GFC 500 Autopilot for aircraft', 7995, '2024-04-15', 'Autopilot Unit', 'Garmin_GFC_500_Autopilot_foto.jpg', 5, 16),
(297, 'TruTrak Vizion Autopilot', 'TruTrak Vizion Autopilot for aircraft', 3495, '2024-04-15', 'Autopilot Unit', 'TruTrak_Vizion_Autopilot_foto.jpg', 4, 17),
(298, 'CI 292-3 / CI 292-5 Cylinder Assembly', 'CI 292-3 / CI 292-5 Cylinder Assembly for aircraft engine', 745, '2024-04-15', 'Engine Component', 'CI_292-3_CI_292-5_Cylinder_Assembly_foto.jpg', 1, 25),
(299, 'KGS Electronics GBB7C Aircraft Battery', 'KGS Electronics GBB7C Aircraft Battery for general aviation', 349, '2024-04-15', 'Aircraft Battery', 'KGS_Electronics_GBB7C_Aircraft_Battery_foto.jpg', 7, 9),
(300, 'Piper PA-32 Cherokee Six Aircraft Engine', 'Piper PA-32 Cherokee Six Aircraft Engine for general aviation', 27995, '2024-04-15', 'Aircraft Engine', 'Piper_PA-32_Cherokee_Six_Aircraft_Engine_foto.jpg', 280, 2),
(301, 'Aero Trim CTI 102B Trim Tab Actuator', 'Aero Trim CTI 102B Trim Tab Actuator for aircraft control', 395, '2024-04-15', 'Control Actuator', 'Aero_Trim_CTI_102B_Trim_Tab_Actuator_foto.jpg', 2, 23),
(302, 'David Clark H10-13S Stereo Aviation Headset', 'David Clark H10-13S Stereo Aviation Headset with Noise-Canceling Microphone', 429, '2024-04-15', 'Headset', 'David_Clark_H10-13S_Stereo_Aviation_Headset_foto.jpg', 1, 19),
(303, 'RVSM Altitude Alerter', 'Mid-Continent Instruments RVSM Altitude Alerter for aircraft', 499, '2024-04-15', 'Avionics Unit', 'RVSM_Altitude_Alerter_foto.jpg', 0, 13),
(304, 'EGT-701 Exhaust Gas Temperature Indicator', 'Electronics International EGT-701 Exhaust Gas Temperature Indicator for aircraft engine monitoring', 395, '2024-04-15', 'Engine Monitor', 'EGT-701_Exhaust_Gas_Temperature_Indicator_foto.jpg', 1, 18),
(305, 'MA4-SPA Carburetor', 'Precision Airmotive MA4-SPA Carburetor for aircraft engine fuel system', 445, '2024-04-15', 'Carburetor', 'MA4-SPA_Carburetor_foto.jpg', 3, 3),
(306, 'XM WX Satellite Weather Receiver', 'Garmin XM WX Satellite Weather Receiver for aircraft weather monitoring', 499, '2024-04-15', 'Avionics Unit', 'XM_WX_Satellite_Weather_Receiver_foto.jpg', 1, 16);

-- --------------------------------------------------------

--
-- Struktura tabulky `produkt_has_objednavka`
--

CREATE TABLE `produkt_has_objednavka` (
  `produkt_produkt_id` int(11) NOT NULL,
  `objednavka_objednavka_id` int(11) NOT NULL
) ENGINE=InnoDB DEFAULT CHARSET=utf8mb4 COLLATE=utf8mb4_general_ci;

-- --------------------------------------------------------

--
-- Struktura tabulky `uzivatel`
--

CREATE TABLE `uzivatel` (
  `uzivatel_id` int(11) NOT NULL,
  `uzivatel_jmeno` varchar(255) NOT NULL,
  `uzivatel_prijmeni` varchar(255) NOT NULL,
  `uzivatel_email` varchar(255) NOT NULL,
  `uzivatel_heslo` varchar(255) NOT NULL,
  `uzivatel_telefon` varchar(255) NOT NULL
) ENGINE=InnoDB DEFAULT CHARSET=utf8mb4 COLLATE=utf8mb4_general_ci;

--
-- Vypisuji data pro tabulku `uzivatel`
--

INSERT INTO `uzivatel` (`uzivatel_id`, `uzivatel_jmeno`, `uzivatel_prijmeni`, `uzivatel_email`, `uzivatel_heslo`, `uzivatel_telefon`) VALUES
(1, 'Martin', 'Kučera', 'martin.kucera@example.com', 'heslo123', '+420111222333'),
(2, 'Karolína', 'Veselá', 'karolina.vesela@example.com', 'heslo456', '+420444555666'),
(3, 'Adam', 'Nový', 'adam.novy@example.com', 'heslo789', '+420777888999'),
(4, 'Jana', 'Horáková', 'jana.horakova@example.com', 'hesloabc', '+420123123123'),
(5, 'Tomáš', 'Kovář', 'tomas.kovar@example.com', 'heslo456', '+420555666777'),
(6, 'Anna', 'Procházková', 'anna.prochazkova@example.com', 'heslo789', '+420111000999'),
(7, 'Pavel', 'Marek', 'pavel.marek@example.com', 'heslo123', '+420888999000'),
(8, 'Veronika', 'Nováková', 'veronika.novakova@example.com', 'hesloabc', '+420111222333'),
(9, 'Michal', 'Procházka', 'michal.prochazka@example.com', 'heslo456', '+420444555666'),
(10, 'Kateřina', 'Kovářová', 'katerina.kovarova@example.com', 'heslo789', '+420777888999'),
(11, 'Jakub', 'Novotný', 'jakub.novotny@example.com', 'heslo123', '+420123456789'),
(12, 'Petra', 'Malá', 'petra.mala@example.com', 'hesloabc', '+420555666777'),
(13, 'Lukáš', 'Hrubý', 'lukas.hruby@example.com', 'heslo456', '+420111000999'),
(14, 'Eva', 'Macháčková', 'eva.machackova@example.com', 'heslo789', '+420888999000'),
(15, 'Filip', 'Krátký', 'filip.kratky@example.com', 'heslo123', '+420111222333'),
(16, 'Martina', 'Pospíšilová', 'martina.pospisilova@example.com', 'hesloabc', '+420444555666'),
(17, 'David', 'Černý', 'david.cerny@example.com', 'heslo456', '+420777888999'),
(18, 'Barbora', 'Dvořáková', 'barbora.dvorakova@example.com', 'heslo789', '+420123123123'),
(19, 'Marek', 'Beneš', 'marek.benes@example.com', 'heslo123', '+420555666777'),
(20, 'Tereza', 'Němcová', 'terezka.nemcova@example.com', 'hesloabc', '+420111000999'),
(21, 'Jan', 'Pospíchal', 'jan.pospichal@example.com', 'heslo456', '+420888999000'),
(22, 'Lucie', 'Veselá', 'lucie.vesela@example.com', 'heslo789', '+420111222333'),
(23, 'Roman', 'Havlíček', 'roman.havlicek@example.com', 'heslo123', '+420444555666'),
(24, 'Natálie', 'Adamcová', 'natalie.adamcova@example.com', 'hesloabc', '+420777888999'),
(25, 'Václav', 'Holý', 'vaclav.holy@example.com', 'heslo456', '+420123123123'),
(26, 'Marie', 'Kovářová', 'marie.kovarova@example.com', 'hesloxyz', '+420777888999'),
(27, 'Tomáš', 'Nový', 'tomas.novy@example.com', 'heslo123xyz', '+420333444555'),
(28, 'Jana', 'Křížová', 'jana.krizova@example.com', 'heslo456abc', '+420111222333'),
(29, 'Jakub', 'Veselý', 'jakub.vesely@example.com', 'heslo789def', '+420999888777'),
(30, 'Jan', 'Novák', 'jan.novak@example.com', 'heslo123', '+420123456789'),
(31, 'Eva', 'Svobodová', 'eva.svobodova@example.com', 'heslo456', '+420987654321'),
(32, 'Petr', 'Novotný', 'petr.novotny@example.com', 'heslo789', '+420111222333'),
(33, 'Lucie', 'Kovářová', 'lucie.kovarova@example.com', 'hesloabc', '+420444555666'),
(34, 'Martin', 'Černý', 'martin.cerny@example.com', 'hesloxyz', '+420777888999'),
(35, 'Anna', 'Marešová', 'anna.maresova@example.com', 'heslo123xyz', '+420333444555'),
(36, 'Tomáš', 'Veselý', 'tomas.vesely@example.com', 'heslo456abc', '+420111222333'),
(37, 'Karolína', 'Pospíšilová', 'karolina.pospisilova@example.com', 'heslo789def', '+420999888777'),
(38, 'Josef', 'Procházka', 'josef.prochazka@example.com', 'heslo123', '+420123456789'),
(39, 'Martina', 'Malá', 'martina.mala@example.com', 'heslo456', '+420987654321'),
(40, 'Michal', 'Kovář', 'michal.kovar@example.com', 'heslo789', '+420111222333'),
(41, 'Veronika', 'Navrátilová', 'veronika.navratilova@example.com', 'hesloabc', '+420444555666'),
(42, 'Adam', 'Novák', 'adam.novak@example.com', 'heslo123', '+420123456789'),
(43, 'Eva', 'Svobodová', 'eva.svobodova@example.com', 'heslo456', '+420987654321'),
(44, 'Petr', 'Novotný', 'petr.novotny@example.com', 'heslo789', '+420111222333'),
(45, 'Lucie', 'Kovářová', 'lucie.kovarova@example.com', 'hesloabc', '+420444555666'),
(46, 'Jakub', 'Dvořák', 'jakub.dvorak@example.com', 'hesloxyz', '+420777888999'),
(47, 'Karolína', 'Pospíšilová', 'karolina.pospisilova@example.com', 'heslo123xyz', '+420333444555'),
(48, 'Tomáš', 'Veselý', 'tomas.vesely@example.com', 'heslo456abc', '+420111222333'),
(49, 'Kateřina', 'Kučerová', 'katerina.kucerova@example.com', 'heslo789def', '+420999888777'),
(50, 'Michal', 'Novák', 'michal.novak@example.com', 'heslo123', '+420123456789'),
(51, 'Petra', 'Svobodová', 'petra.svobodova@example.com', 'heslo456', '+420987654321'),
(52, 'Jana', 'Novotná', 'jana.novotna@example.com', 'heslo789', '+420111222333'),
(53, 'Filip', 'Kovář', 'filip.kovar@example.com', 'hesloabc', '+420444555666'),
(54, 'Adéla', 'Dvořáková', 'adela.dvorakova@example.com', 'hesloxyz', '+420777888999'),
(55, 'Veronika', 'Pospíšilová', 'veronika.pospisilova@example.com', 'heslo123xyz', '+420333444555'),
(56, 'David', 'Veselý', 'david.vesely@example.com', 'heslo456abc', '+420111222333'),
(57, 'Barbora', 'Kučerová', 'barbora.kucerova@example.com', 'heslo789def', '+420999888777'),
(58, 'Adam', 'Novák', 'adam.novak@example.com', 'heslo123', '+420123456789'),
(59, 'Eva', 'Svobodová', 'eva.svobodova@example.com', 'heslo456', '+420987654321'),
(60, 'Petr', 'Novotný', 'petr.novotny@example.com', 'heslo789', '+420111222333'),
(61, 'Lucie', 'Kovářová', 'lucie.kovarova@example.com', 'hesloabc', '+420444555666'),
(62, 'Jakub', 'Dvořák', 'jakub.dvorak@example.com', 'hesloxyz', '+420777888999'),
(63, 'Karolína', 'Pospíšilová', 'karolina.pospisilova@example.com', 'heslo123xyz', '+420333444555'),
(64, 'Tomáš', 'Veselý', 'tomas.vesely@example.com', 'heslo456abc', '+420111222333'),
(65, 'Kateřina', 'Kučerová', 'katerina.kucerova@example.com', 'heslo789def', '+420999888777'),
(66, 'Michal', 'Novák', 'michal.novak@example.com', 'heslo123', '+420123456789'),
(67, 'Petra', 'Svobodová', 'petra.svobodova@example.com', 'heslo456', '+420987654321'),
(68, 'Jana', 'Novotná', 'jana.novotna@example.com', 'heslo789', '+420111222333'),
(69, 'Filip', 'Kovář', 'filip.kovar@example.com', 'hesloabc', '+420444555666'),
(70, 'Adéla', 'Dvořáková', 'adela.dvorakova@example.com', 'hesloxyz', '+420777888999'),
(71, 'Veronika', 'Pospíšilová', 'veronika.pospisilova@example.com', 'heslo123xyz', '+420333444555'),
(72, 'David', 'Veselý', 'david.vesely@example.com', 'heslo456abc', '+420111222333'),
(73, 'Barbora', 'Kučerová', 'barbora.kucerova@example.com', 'heslo789def', '+420999888777'),
(74, 'Martin', 'Novotný', 'martin.novotny@example.com', 'heslo123456', '+420123456789'),
(75, 'Ivana', 'Svobodová', 'ivana.svobodova@example.com', 'heslo456789', '+420987654321'),
(76, 'Ondřej', 'Novák', 'ondrej.novak@example.com', 'heslo789abc', '+420111222333'),
(77, 'Simona', 'Kovářová', 'simona.kovarova@example.com', 'hesloabcxyz', '+420444555666'),
(78, 'Lukáš', 'Dvořák', 'lukas.dvorak@example.com', 'hesloxyz123', '+420777888999'),
(79, 'Natálie', 'Pospíšilová', 'natalie.pospisilova@example.com', 'heslo123456abc', '+420333444555'),
(80, 'Daniel', 'Veselý', 'daniel.vesely@example.com', 'heslo456abcxyz', '+420111222333'),
(81, 'Martina', 'Kučerová', 'martina.kucerova@example.com', 'heslo789defxyz', '+420999888777'),
(82, 'Jan', 'Novák', 'jan.novak@example.com', 'heslo123456', '+420123456789'),
(83, 'Marie', 'Svobodová', 'marie.svobodova@example.com', 'heslo456789', '+420987654321'),
(84, 'Josef', 'Novotný', 'josef.novotny@example.com', 'heslo789abc', '+420111222333'),
(85, 'Alena', 'Kovářová', 'alena.kovarova@example.com', 'hesloabcxyz', '+420444555666'),
(86, 'Pavel', 'Dvořák', 'pavel.dvorak@example.com', 'hesloxyz123', '+420777888999'),
(87, 'Anna', 'Pospíšilová', 'anna.pospisilova@example.com', 'heslo123456abc', '+420333444555'),
(88, 'Jiří', 'Veselý', 'jiri.vesely@example.com', 'heslo456abcxyz', '+420111222333'),
(89, 'Lenka', 'Kučerová', 'lenka.kucerova@example.com', 'heslo789defxyz', '+420999888777'),
(90, 'František', 'Novák', 'frantisek.novak@example.com', 'heslo123456', '+420123456789'),
(91, 'Helena', 'Svobodová', 'helena.svobodova@example.com', 'heslo456789', '+420987654321'),
(92, 'Václav', 'Novotný', 'vaclav.novotny@example.com', 'heslo789abc', '+420111222333'),
(93, 'Jitka', 'Kovářová', 'jitka.kovarova@example.com', 'hesloabcxyz', '+420444555666'),
(94, 'Miroslav', 'Dvořák', 'miroslav.dvorak@example.com', 'hesloxyz123', '+420777888999'),
(95, 'Ivana', 'Pospíšilová', 'ivana.pospisilova@example.com', 'heslo123456abc', '+420333444555'),
(96, 'Stanislav', 'Veselý', 'stanislav.vesely@example.com', 'heslo456abcxyz', '+420111222333'),
(97, 'Jaroslava', 'Kučerová', 'jaroslava.kucerova@example.com', 'heslo789defxyz', '+420999888777'),
(98, 'Jan', 'Novák', 'jan.novak@example.com', 'heslo123456', '+420123456789'),
(99, 'Marie', 'Svobodová', 'marie.svobodova@example.com', 'heslo456789', '+420987654321'),
(100, 'Josef', 'Novotný', 'josef.novotny@example.com', 'heslo789abc', '+420111222333'),
(101, 'Alena', 'Kovářová', 'alena.kovarova@example.com', 'hesloabcxyz', '+420444555666'),
(102, 'Pavel', 'Dvořák', 'pavel.dvorak@example.com', 'hesloxyz123', '+420777888999'),
(103, 'Anna', 'Pospíšilová', 'anna.pospisilova@example.com', 'heslo123456abc', '+420333444555'),
(104, 'Jiří', 'Veselý', 'jiri.vesely@example.com', 'heslo456abcxyz', '+420111222333'),
(105, 'Lenka', 'Kučerová', 'lenka.kucerova@example.com', 'heslo789defxyz', '+420999888777'),
(106, 'František', 'Novák', 'frantisek.novak@example.com', 'heslo123456', '+420123456789'),
(107, 'Helena', 'Svobodová', 'helena.svobodova@example.com', 'heslo456789', '+420987654321'),
(108, 'Václav', 'Novotný', 'vaclav.novotny@example.com', 'heslo789abc', '+420111222333'),
(109, 'Jitka', 'Kovářová', 'jitka.kovarova@example.com', 'hesloabcxyz', '+420444555666'),
(110, 'Miroslav', 'Dvořák', 'miroslav.dvorak@example.com', 'hesloxyz123', '+420777888999'),
(111, 'Ivana', 'Pospíšilová', 'ivana.pospisilova@example.com', 'heslo123456abc', '+420333444555'),
(112, 'Stanislav', 'Veselý', 'stanislav.vesely@example.com', 'heslo456abcxyz', '+420111222333'),
(113, 'Jaroslava', 'Kučerová', 'jaroslava.kucerova@example.com', 'heslo789defxyz', '+420999888777'),
(114, 'Petr', 'Černý', 'petr.cerny@example.com', 'heslo789123', '+420111222333'),
(115, 'Veronika', 'Hrázová', 'veronika.hrazova@example.com', 'hesloabc456', '+420333444555'),
(116, 'Martin', 'Marek', 'martin.marek@example.com', 'hesloxyz789', '+420777888999'),
(117, 'Eva', 'Šimečková', 'eva.simeckova@example.com', 'heslo123def', '+420999888777'),
(118, 'Tomas', 'Urban', 'tomas.urban@example.com', 'heslo456ghi', '+420123456789'),
(119, 'Lucie', 'Svobodova', 'lucie.svobodova@example.com', 'heslo789jkl', '+420987654321'),
(120, 'Jakub', 'Pospisil', 'jakub.pospisil@example.com', 'heslo123mno', '+420111222333'),
(121, 'Karolina', 'Novotna', 'karolina.novotna@example.com', 'hesloabc123', '+420444555666'),
(122, 'Adam', 'Novak', 'adam.novak@example.com', 'heslo123xyz', '+420777888999'),
(123, 'Eva', 'Svobodova', 'eva.svobodova@example.com', 'heslo456def', '+420333444555'),
(124, 'Petr', 'Kovar', 'petr.kovar@example.com', 'heslo789ghi', '+420111222333'),
(125, 'Lucie', 'Dvorakova', 'lucie.dvorakova@example.com', 'heslo123jkl', '+420999888777'),
(126, 'Jakub', 'Pospisil', 'jakub.pospisil@example.com', 'heslo456mno', '+420123456789'),
(127, 'Karolina', 'Novotna', 'karolina.novotna@example.com', 'hesloabc123', '+420444555666'),
(128, 'Adam', 'Novak', 'adam.novak@example.com', 'heslo123xyz', '+420777888999'),
(129, 'Eva', 'Svobodova', 'eva.svobodova@example.com', 'heslo456def', '+420333444555'),
(130, 'Petr', 'Kovar', 'petr.kovar@example.com', 'heslo789ghi', '+420111222333'),
(131, 'Lucie', 'Dvorakova', 'lucie.dvorakova@example.com', 'heslo123jkl', '+420999888777'),
(132, 'Jakub', 'Pospisil', 'jakub.pospisil@example.com', 'heslo456mno', '+420123456789'),
(133, 'Karolina', 'Novotna', 'karolina.novotna@example.com', 'hesloabc123', '+420444555666'),
(134, 'Adam', 'Novak', 'adam.novak@example.com', 'heslo123xyz', '+420777888999'),
(135, 'Eva', 'Svobodova', 'eva.svobodova@example.com', 'heslo456def', '+420333444555'),
(136, 'Petr', 'Kovar', 'petr.kovar@example.com', 'heslo789ghi', '+420111222333'),
(137, 'Lucie', 'Dvorakova', 'lucie.dvorakova@example.com', 'heslo123jkl', '+420999888777'),
(138, 'Jakub', 'Pospisil', 'jakub.pospisil@example.com', 'heslo456mno', '+420123456789'),
(139, 'Karolina', 'Novotna', 'karolina.novotna@example.com', 'hesloabc123', '+420444555666'),
(140, 'Adam', 'Novak', 'adam.novak@example.com', 'heslo123xyz', '+420777888999'),
(141, 'Eva', 'Svobodova', 'eva.svobodova@example.com', 'heslo456def', '+420333444555'),
(142, 'Petr', 'Kovar', 'petr.kovar@example.com', 'heslo789ghi', '+420111222333'),
(143, 'Lucie', 'Dvorakova', 'lucie.dvorakova@example.com', 'heslo123jkl', '+420999888777'),
(144, 'Jakub', 'Pospisil', 'jakub.pospisil@example.com', 'heslo456mno', '+420123456789'),
(145, 'Karolina', 'Novotna', 'karolina.novotna@example.com', 'hesloabc123', '+420444555666'),
(146, 'Adam', 'Novak', 'adam.novak@example.com', 'heslo123xyz', '+420777888999'),
(147, 'Eva', 'Svobodova', 'eva.svobodova@example.com', 'heslo456def', '+420333444555'),
(148, 'Petr', 'Kovar', 'petr.kovar@example.com', 'heslo789ghi', '+420111222333'),
(149, 'Lucie', 'Dvorakova', 'lucie.dvorakova@example.com', 'heslo123jkl', '+420999888777'),
(150, 'Jakub', 'Pospisil', 'jakub.pospisil@example.com', 'heslo456mno', '+420123456789');

-- --------------------------------------------------------

--
-- Struktura tabulky `vyrobce_dilu`
--

CREATE TABLE `vyrobce_dilu` (
  `vyrobce_id` int(11) NOT NULL,
  `vyrobce_jmeno` varchar(255) NOT NULL,
  `vyrobce_mesto` varchar(255) DEFAULT NULL,
  `vyrobce_ulice` varchar(255) DEFAULT NULL,
  `vyrobce_psc` varchar(255) DEFAULT NULL
) ENGINE=InnoDB DEFAULT CHARSET=utf8mb4 COLLATE=utf8mb4_general_ci;

--
-- Vypisuji data pro tabulku `vyrobce_dilu`
--

INSERT INTO `vyrobce_dilu` (`vyrobce_id`, `vyrobce_jmeno`, `vyrobce_mesto`, `vyrobce_ulice`, `vyrobce_psc`) VALUES
(1, 'Boeing', 'Chicago', '100 N Riverside Plaza', '60606'),
(2, 'Airbus', 'Toulouse', '1 Rond-Point Maurice Bellonte', '31707'),
(3, 'Embraer', 'São José dos Campos', 'Av. Brigadeiro Faria Lima, 2170 - Putim', '12227-901'),
(4, 'Bombardier Aerospace', 'Montreal', '400 Côte-Vertu Rd W', 'H4S 1Y9'),
(5, 'Cessna Aircraft Company', 'Wichita', '1 Cessna Blvd', '67215'),
(6, 'Piper Aircraft', 'Vero Beach', '2926 Piper Dr', '32960'),
(7, 'Lockheed Martin', 'Bethesda', '6801 Rockledge Dr', '20817'),
(8, 'Northrop Grumman', 'Falls Church', '2980 Fairview Park Dr', '22042'),
(9, 'Sukhoi', 'Moscow', 'Beskudnikovsky Blvd, 22', '127006'),
(10, 'Antonov', 'Kyiv', 'Prospect Povitroflotsky, 1', '03036'),
(11, 'Mitsubishi Aircraft Corporation', 'Nagoya', '10-5, Minatomachi, Nakamura-ku', '450-0003'),
(12, 'Dassault Aviation', 'Paris', '9, Rond-Point des Champs-Élysées Marcel-Dassault', '75008'),
(13, 'Gulfstream Aerospace', 'Savannah', '500 Gulfstream Rd', '31408'),
(14, 'Textron Aviation', 'Wichita', '1 Cessna Blvd', '67215'),
(15, 'Emivest Aerospace Corporation', 'San Antonio', '601 NW 36th St', '78216'),
(16, 'Piaggio Aerospace', 'Genoa', 'Via Cibrario, 4', '16154'),
(17, 'Tupolev', 'Moscow', '16, Tupoleva Embankment', '105005'),
(18, 'Beechcraft', 'Wichita', '1 Cessna Blvd', '67215'),
(19, 'De Havilland Aircraft of Canada Limited', 'Toronto', '123 Garratt Blvd', 'M3K 1Y5'),
(20, 'Sikorsky Aircraft Corporation', 'Stratford', '6900 Main St', '06615'),
(21, 'Kawasaki Heavy Industries', 'Kobe', '1-14-5 Kaigan-dori, Chuo-ku', '650-0046'),
(22, 'Saab Group', 'Linköping', 'Scheelevägen 19', '581 88'),
(23, 'Ilyushin', 'Moscow', '18, Aviakonstruktora Mikoyana St', '125315'),
(24, 'Bell Textron', 'Fort Worth', '600 E Hurst Blvd', '76120'),
(25, 'Short Brothers', 'Belfast', 'Airport Rd W', 'BT3 9DZ'),
(26, 'Hawker Beechcraft', 'Wichita', '1 Cessna Blvd', '67215'),
(27, 'Kaman Aerospace', 'Bloomfield', '1332 Blue Hills Ave', '06002'),
(28, 'Pilatus Aircraft', 'Stans', 'Pilatus Flugzeugwerke AG', '6370'),
(29, 'Cirrus Aircraft', 'Duluth', '4515 Taylor Cir', '30097');

-- --------------------------------------------------------

--
-- Struktura tabulky `vyrobce_letadla`
--

CREATE TABLE `vyrobce_letadla` (
  `vyrobce_id` int(11) NOT NULL,
  `vyrobce_jmeno` varchar(255) NOT NULL,
  `vyrobce_mesto` varchar(255) DEFAULT NULL,
  `vyrobce_psc` varchar(255) DEFAULT NULL,
  `vyrobce_ulice` varchar(255) DEFAULT NULL,
  `zeme_zeme_id` int(11) NOT NULL
) ENGINE=InnoDB DEFAULT CHARSET=utf8mb4 COLLATE=utf8mb4_general_ci;

--
-- Vypisuji data pro tabulku `vyrobce_letadla`
--

INSERT INTO `vyrobce_letadla` (`vyrobce_id`, `vyrobce_jmeno`, `vyrobce_mesto`, `vyrobce_psc`, `vyrobce_ulice`, `zeme_zeme_id`) VALUES
(1, 'Boeing', 'Chicago', '60606', '100 N Riverside Plaza', 1),
(2, 'Airbus', 'Toulouse', '31400', '1 Rond-Point Maurice Bellonte', 15),
(3, 'Embraer', 'São José dos Campos', '12228-901', 'Avenida Brigadeiro Faria Lima', 22),
(4, 'Bombardier Aerospace', 'Dorval', 'H9P 2V2', '400 Côte-Vertu Road', 45),
(5, 'Lockheed Martin', 'Bethesda', '20817', '6801 Rockledge Drive', 1),
(6, 'Northrop Grumman', 'Falls Church', '22042', '2980 Fairview Park Drive', 1),
(7, 'General Dynamics', 'Reston', '20190', '2941 Fairview Park Drive', 1),
(8, 'BAE Systems', 'London', 'SW1Y 5AD', '105 Wigmore Street', 2),
(9, 'Safran', 'Paris', '75002', '2, boulevard du Général Martial Valin', 15),
(10, 'Raytheon Technologies', 'Waltham', '02451', '870 Winter Street', 1),
(11, 'Leonardo S.p.A.', 'Rome', '00187', 'Piazza Monte Grappa', 45),
(12, 'Dassault Aviation', 'Paris', '75007', '9 Rond-Point des Champs-Élysées Marcel Dassault', 15),
(13, 'Textron Aviation', 'Wichita', '67209', '1 Cessna Boulevard', 9),
(14, 'Mitsubishi Aircraft Corporation', 'Nagoya', '461-0004', '11-1, Yada-Minami 4-chome', 59),
(15, 'Tupolev', 'Moscow', '125319', '17, Tupolev Street', 61),
(16, 'Sukhoi', 'Moscow', '125319', '23, bld. 1, Beskudnikovsky blvd.', 61),
(17, 'Ilyushin', 'Moscow', '105005', '8 Aviamotornaya Street', 61),
(18, 'Antonov', 'Kyiv', '03057', '1 Tupolev Street', 2),
(19, 'UAC', 'Moscow', '125212', '16, Ulanskiy Pereulok', 61),
(20, 'Aero Vodochody', 'Prague', '19900', 'K Letišti 1068', 30),
(21, 'ATR', 'Toulouse', '31400', '1, Allée Pierre Nadot', 15),
(22, 'Bell Helicopter', 'Fort Worth', '76101', '600 E. Hurst Blvd.', 9),
(23, 'Robinson Helicopter Company', 'Torrance', '90505', '2901 Airport Drive', 9),
(24, 'Kaman Aerospace', 'Bloomfield', '06002', '1332 Blue Hills Avenue Ext.', 9),
(25, 'MD Helicopters', 'Mesa', '85215', '4555 E. McDowell Road', 9),
(26, 'Sikorsky Aircraft', 'Stratford', '06615', '6900 Main Street', 9),
(27, 'AgustaWestland', 'Rome', '00144', 'Via Giovanni Agusta, 520', 15),
(28, 'Eurocopter Group', 'Marignane', '13700', 'Aéroport International Marseille Provence, 1, allée Pierre Nadot', 15),
(29, 'Kawasaki Heavy Industries', 'Tokyo', '103-8515', '1-14-5 Kaigan, Minato-ku', 59),
(30, 'Mitsubishi Heavy Industries', 'Tokyo', '100-8086', '16-5, Konan 2-chome, Minato-ku', 59);

-- --------------------------------------------------------

--
-- Struktura tabulky `zeme`
--

CREATE TABLE `zeme` (
  `zeme_id` int(11) NOT NULL,
  `zeme_nazev` varchar(255) NOT NULL
) ENGINE=InnoDB DEFAULT CHARSET=utf8mb4 COLLATE=utf8mb4_general_ci;

--
-- Vypisuji data pro tabulku `zeme`
--

INSERT INTO `zeme` (`zeme_id`, `zeme_nazev`) VALUES
(1, 'Afghánistán'),
(2, 'Albánie'),
(3, 'Alžírsko'),
(4, 'Andorra'),
(5, 'Angola'),
(6, 'Antigua a Barbuda'),
(7, 'Argentina'),
(8, 'Arménie'),
(9, 'Austrálie'),
(10, 'Ázerbájdžán'),
(11, 'Bahamy'),
(12, 'Bahrajn'),
(13, 'Bangladéš'),
(14, 'Barbados'),
(15, 'Belgie'),
(16, 'Belize'),
(17, 'Benin'),
(18, 'Bhútán'),
(19, 'Bolívie'),
(20, 'Bosna a Hercegovina'),
(21, 'Botswana'),
(22, 'Brazílie'),
(23, 'Brunej'),
(24, 'Bulharsko'),
(25, 'Burkina Faso'),
(26, 'Burundi'),
(27, 'Cookovy ostrovy'),
(28, 'Čad'),
(29, 'Černá Hora'),
(30, 'Česká republika'),
(31, 'Čína'),
(32, 'Dánsko'),
(33, 'Dominika'),
(34, 'Dominikánská republika'),
(35, 'Džibutsko'),
(36, 'Egypt'),
(37, 'Ekvádor'),
(38, 'Eritrea'),
(39, 'Estonsko'),
(40, 'Eswatini'),
(41, 'Etiopie'),
(42, 'Fidži'),
(43, 'Filipíny'),
(44, 'Finsko'),
(45, 'Francie'),
(46, 'Gabon'),
(47, 'Gambie'),
(48, 'Ghana'),
(49, 'Grenada'),
(50, 'Gruzie'),
(51, 'Guatemala'),
(52, 'Guinea'),
(53, 'Guinea-Bissau'),
(54, 'Guyana'),
(55, 'Haiti'),
(56, 'Honduras'),
(57, 'Chile'),
(58, 'Chorvatsko'),
(59, 'Indie'),
(60, 'Indonésie'),
(61, 'Irák'),
(62, 'Írán'),
(63, 'Irsko'),
(64, 'Island'),
(65, 'Itálie'),
(66, 'Izrael'),
(67, 'Jamajka'),
(68, 'Japonsko'),
(69, 'Jemen'),
(70, 'Jihoafrická republika'),
(71, 'Jižní Korea'),
(72, 'Jižní Súdán'),
(73, 'Jordánsko'),
(74, 'Kambodža'),
(75, 'Kamerun'),
(76, 'Kanada'),
(77, 'Kapverdy'),
(78, 'Katar'),
(79, 'Kazachstán'),
(80, 'Keňa'),
(81, 'Kiribati'),
(82, 'Kolumbie'),
(83, 'Komory'),
(84, 'Kongo'),
(85, 'Kostarika'),
(86, 'Kuba'),
(87, 'Kuvajt'),
(88, 'Kypr'),
(89, 'Kyrgyzstán'),
(90, 'Laos'),
(91, 'Lesotho'),
(92, 'Libanon'),
(93, 'Libérie'),
(94, 'Libye'),
(95, 'Lichtenštejnsko'),
(96, 'Litva'),
(97, 'Lotyšsko'),
(98, 'Lucembursko'),
(99, 'Madagaskar'),
(100, 'Maďarsko'),
(101, 'Makedonie'),
(102, 'Malajsie'),
(103, 'Malawi'),
(104, 'Maledivy'),
(105, 'Mali'),
(106, 'Malta'),
(107, 'Maroko'),
(108, 'Marshallovy ostrovy'),
(109, 'Mauricius'),
(110, 'Mauritánie'),
(111, 'Mexiko'),
(112, 'Mikronésie'),
(113, 'Moldavsko'),
(114, 'Monako'),
(115, 'Mongolsko'),
(116, 'Mosambik'),
(117, 'Myanmar'),
(118, 'Namibie'),
(119, 'Nauru'),
(120, 'Německo'),
(121, 'Nepál'),
(122, 'Niger'),
(123, 'Nigérie'),
(124, 'Nikaragua'),
(125, 'Niue'),
(126, 'Nizozemsko'),
(127, 'Norsko'),
(128, 'Nový Zéland'),
(129, 'Omán'),
(130, 'Pákistán'),
(131, 'Palau'),
(132, 'Panama'),
(133, 'Papua-Nová Guinea'),
(134, 'Paraguay'),
(135, 'Peru'),
(136, 'Pobřeží slonoviny'),
(137, 'Polsko'),
(138, 'Portugalsko'),
(139, 'Rakousko'),
(140, 'Rovníková Guinea'),
(141, 'Rumunsko'),
(142, 'Rusko'),
(143, 'Rwanda'),
(144, 'Řecko'),
(145, 'Salvador'),
(146, 'Samoa'),
(147, 'San Marino'),
(148, 'Saúdská Arábie'),
(149, 'Senegal'),
(150, 'Severní Korea'),
(151, 'Severní Makedonie'),
(152, 'Seychely'),
(153, 'Sierra Leone'),
(154, 'Singapur'),
(155, 'Slovensko'),
(156, 'Slovinsko'),
(157, 'Somálsko'),
(158, 'Spojené arabské emiráty'),
(159, 'Spojené království'),
(160, 'Spojené státy americké'),
(161, 'Srbsko'),
(162, 'Súdán'),
(163, 'Surinam'),
(164, 'Svatá Lucie'),
(165, 'Svatý Kryštof a Nevis'),
(166, 'Svatý Tomáš a Princův ostrov'),
(167, 'Svatý Vincenc a Grenadiny'),
(168, 'Šalamounovy ostrovy'),
(169, 'Španělsko'),
(170, 'Švédsko'),
(171, 'Švýcarsko'),
(172, 'Sýrie'),
(173, 'Tádžikistán'),
(174, 'Tanzanie'),
(175, 'Thajsko'),
(176, 'Togo'),
(177, 'Tonga'),
(178, 'Trinidad a Tobago'),
(179, 'Tunisko'),
(180, 'Turecko'),
(181, 'Turkmenistán'),
(182, 'Tuvalu'),
(183, 'Uganda'),
(184, 'Ukrajina'),
(185, 'Uruguay'),
(186, 'Uzbekistán'),
(187, 'Vanuatu'),
(188, 'Vatikán'),
(189, 'Venezuela'),
(190, 'Vietnam'),
(191, 'Východní Timor'),
(192, 'Zambie'),
(193, 'Zimbabwe');

--
-- Indexy pro exportované tabulky
--

--
-- Indexy pro tabulku `letadlo`
--
ALTER TABLE `letadlo`
  ADD PRIMARY KEY (`letadlo_id`),
  ADD KEY `fk_letadlo_vyrobce_letadla1_idx` (`vyrobce_letadla_vyrobce_id`);

--
-- Indexy pro tabulku `letadlo_has_produkt`
--
ALTER TABLE `letadlo_has_produkt`
  ADD PRIMARY KEY (`letadlo_letadlo_id`,`produkt_produkt_id`),
  ADD KEY `fk_letadlo_has_produkt_produkt1_idx` (`produkt_produkt_id`),
  ADD KEY `fk_letadlo_has_produkt_letadlo1_idx` (`letadlo_letadlo_id`);

--
-- Indexy pro tabulku `objednavka`
--
ALTER TABLE `objednavka`
  ADD PRIMARY KEY (`objednavka_id`),
  ADD KEY `fk_objednavka_platba1_idx` (`platba_platba_id`),
  ADD KEY `fk_objednavka_uzivatel1_idx` (`uzivatel_uzivatel_id`);

--
-- Indexy pro tabulku `platba`
--
ALTER TABLE `platba`
  ADD PRIMARY KEY (`platba_id`);

--
-- Indexy pro tabulku `produkt`
--
ALTER TABLE `produkt`
  ADD PRIMARY KEY (`produkt_id`),
  ADD KEY `fk_produkt_vyrobce_dilu_idx` (`vyrobce_dilu_vyrobce_id`);

--
-- Indexy pro tabulku `produkt_has_objednavka`
--
ALTER TABLE `produkt_has_objednavka`
  ADD PRIMARY KEY (`produkt_produkt_id`,`objednavka_objednavka_id`),
  ADD KEY `fk_produkt_has_objednavka_objednavka1_idx` (`objednavka_objednavka_id`),
  ADD KEY `fk_produkt_has_objednavka_produkt1_idx` (`produkt_produkt_id`);

--
-- Indexy pro tabulku `uzivatel`
--
ALTER TABLE `uzivatel`
  ADD PRIMARY KEY (`uzivatel_id`);

--
-- Indexy pro tabulku `vyrobce_dilu`
--
ALTER TABLE `vyrobce_dilu`
  ADD PRIMARY KEY (`vyrobce_id`);

--
-- Indexy pro tabulku `vyrobce_letadla`
--
ALTER TABLE `vyrobce_letadla`
  ADD PRIMARY KEY (`vyrobce_id`),
  ADD KEY `fk_vyrobce_letadla_zeme1_idx` (`zeme_zeme_id`);

--
-- Indexy pro tabulku `zeme`
--
ALTER TABLE `zeme`
  ADD PRIMARY KEY (`zeme_id`);

--
-- AUTO_INCREMENT pro tabulky
--

--
-- AUTO_INCREMENT pro tabulku `letadlo`
--
ALTER TABLE `letadlo`
  MODIFY `letadlo_id` int(11) NOT NULL AUTO_INCREMENT, AUTO_INCREMENT=719;

--
-- AUTO_INCREMENT pro tabulku `objednavka`
--
ALTER TABLE `objednavka`
  MODIFY `objednavka_id` int(11) NOT NULL AUTO_INCREMENT, AUTO_INCREMENT=13505;

--
-- AUTO_INCREMENT pro tabulku `platba`
--
ALTER TABLE `platba`
  MODIFY `platba_id` int(11) NOT NULL AUTO_INCREMENT, AUTO_INCREMENT=11;

--
-- AUTO_INCREMENT pro tabulku `produkt`
--
ALTER TABLE `produkt`
  MODIFY `produkt_id` int(11) NOT NULL AUTO_INCREMENT, AUTO_INCREMENT=307;

--
-- AUTO_INCREMENT pro tabulku `uzivatel`
--
ALTER TABLE `uzivatel`
  MODIFY `uzivatel_id` int(11) NOT NULL AUTO_INCREMENT, AUTO_INCREMENT=151;

--
-- AUTO_INCREMENT pro tabulku `vyrobce_dilu`
--
ALTER TABLE `vyrobce_dilu`
  MODIFY `vyrobce_id` int(11) NOT NULL AUTO_INCREMENT, AUTO_INCREMENT=30;

--
-- AUTO_INCREMENT pro tabulku `vyrobce_letadla`
--
ALTER TABLE `vyrobce_letadla`
  MODIFY `vyrobce_id` int(11) NOT NULL AUTO_INCREMENT, AUTO_INCREMENT=31;

--
-- AUTO_INCREMENT pro tabulku `zeme`
--
ALTER TABLE `zeme`
  MODIFY `zeme_id` int(11) NOT NULL AUTO_INCREMENT, AUTO_INCREMENT=194;

--
-- Omezení pro exportované tabulky
--

--
-- Omezení pro tabulku `letadlo`
--
ALTER TABLE `letadlo`
  ADD CONSTRAINT `fk_letadlo_vyrobce_letadla1` FOREIGN KEY (`vyrobce_letadla_vyrobce_id`) REFERENCES `vyrobce_letadla` (`vyrobce_id`) ON DELETE NO ACTION ON UPDATE NO ACTION;

--
-- Omezení pro tabulku `letadlo_has_produkt`
--
ALTER TABLE `letadlo_has_produkt`
  ADD CONSTRAINT `fk_letadlo_has_produkt_letadlo1` FOREIGN KEY (`letadlo_letadlo_id`) REFERENCES `letadlo` (`letadlo_id`) ON DELETE NO ACTION ON UPDATE NO ACTION,
  ADD CONSTRAINT `fk_letadlo_has_produkt_produkt1` FOREIGN KEY (`produkt_produkt_id`) REFERENCES `produkt` (`produkt_id`) ON DELETE NO ACTION ON UPDATE NO ACTION;

--
-- Omezení pro tabulku `objednavka`
--
ALTER TABLE `objednavka`
  ADD CONSTRAINT `fk_objednavka_platba1` FOREIGN KEY (`platba_platba_id`) REFERENCES `platba` (`platba_id`) ON DELETE NO ACTION ON UPDATE NO ACTION,
  ADD CONSTRAINT `fk_objednavka_uzivatel1` FOREIGN KEY (`uzivatel_uzivatel_id`) REFERENCES `uzivatel` (`uzivatel_id`) ON DELETE NO ACTION ON UPDATE NO ACTION;

--
-- Omezení pro tabulku `produkt`
--
ALTER TABLE `produkt`
  ADD CONSTRAINT `fk_produkt_vyrobce_dilu` FOREIGN KEY (`vyrobce_dilu_vyrobce_id`) REFERENCES `vyrobce_dilu` (`vyrobce_id`) ON DELETE NO ACTION ON UPDATE NO ACTION;

--
-- Omezení pro tabulku `produkt_has_objednavka`
--
ALTER TABLE `produkt_has_objednavka`
  ADD CONSTRAINT `fk_produkt_has_objednavka_objednavka1` FOREIGN KEY (`objednavka_objednavka_id`) REFERENCES `objednavka` (`objednavka_id`) ON DELETE NO ACTION ON UPDATE NO ACTION,
  ADD CONSTRAINT `fk_produkt_has_objednavka_produkt1` FOREIGN KEY (`produkt_produkt_id`) REFERENCES `produkt` (`produkt_id`) ON DELETE NO ACTION ON UPDATE NO ACTION;

--
-- Omezení pro tabulku `vyrobce_letadla`
--
ALTER TABLE `vyrobce_letadla`
  ADD CONSTRAINT `fk_vyrobce_letadla_zeme1` FOREIGN KEY (`zeme_zeme_id`) REFERENCES `zeme` (`zeme_id`) ON DELETE NO ACTION ON UPDATE NO ACTION;
COMMIT;

/*!40101 SET CHARACTER_SET_CLIENT=@OLD_CHARACTER_SET_CLIENT */;
/*!40101 SET CHARACTER_SET_RESULTS=@OLD_CHARACTER_SET_RESULTS */;
/*!40101 SET COLLATION_CONNECTION=@OLD_COLLATION_CONNECTION */;
